OBECJTID,COUNTY,SCHOOL,ADDRESS,ROLL_NUMBE,PHONE,ENROLLMENT,GENDER,GAELTACHT,DENOMINATI,DIOCESE,PARISH,EASTING_,NORTHING
9,Dublin Fingal,ST BRIGIDS MXD N S,CASTLEKNOCK  DUBLIN 15,00697S,01 8214040,784,Mixed,Ordinary School,CATHOLIC,DUBLIN,CASTLEKNOCK,309052.109,237325.229
10,Dublin Belgard/South,LUCAN B N S,LUCAN  CO DUBLIN,00714P,01 6281857,535,Boys,Ordinary School,CATHOLIC,DUBLIN,LUCAN,303668.595,235478.395
11,Dublin Belgard/South,CLOCHAR LORETO N S,GRANGE ROAD  RATHFARNHAM  DUBLIN 14,00729F,01 4931640,522,Girls,Ordinary School,CATHOLIC,DUBLIN,RATHFARNHAM,314752.013,228247.239
12,Dublin City,MATER DEI PRIMARY SCHOOL,BASIN LANE  JAMES STREET  DUBLIN 8,00743W,01 4548461,232,Senior Girls/Infant Mixed,Ordinary School,CATHOLIC,DUBLIN,JAMES'S STREET,313937.084,233576.159
32,Dublin Fingal,S N NA H-AILLE,THE NAUL  CO DUBLIN,01170G,01 8413821,81,Mixed,Ordinary School,CATHOLIC,DUBLIN,NAUL,313600.531,260123.047
62,Dublin City,CENTRAL INFS SCHOOL,MARLBORO ST  DUBLIN 1,01795A,01 8788344,119,Mixed,Ordinary School,CATHOLIC,DUBLIN,PRO-CATHEDRAL,316191.000,234838.000
93,Dun Laoghaire - Rathdown,ST MARYS NATIONAL SCHOOL,LAMBS CROSS SANDYFORD DUBLIN 18,02872U,01 2954173,101,Mixed,Ordinary School,CATHOLIC,DUBLIN,SANDYFORD,318343.991,227244.271
101,Dublin Belgard/South,BALLYROAN    B N S,BALLYROAN  RATHFARNHAM  DUBLIN 16,03359N,01 4931805,278,Boys,Ordinary School,CATHOLIC,DUBLIN,BALLYROAN,313796.168,227565.532
107,Dublin City,NAOMH PADRAIG BOYS,CAMBRIDGE ROAD  RINGSEND  DUBLIN 4,03917V,01 6606825,91,Boys,Ordinary School,CATHOLIC,DUBLIN,RINGSEND,318248.408,234019.462
139,Dublin City,SCOIL AN CROI NAOFA,GLASNEVIN  DUBLIN 11,04992R,01 8379586,463,Boys,Ordinary School,CATHOLIC,DUBLIN,BALLYGALL,314873.893,238474.193
158,Dun Laoghaire - Rathdown,CLOCHAR SAN DOMINIC,DUNLAOGHAIRE  CO DUBLIN,05600C,01 2809011,192,Mixed,Ordinary School,CATHOLIC,DUBLIN,DUN LAOGHAIRE,324207.237,228467.877
167,Dublin City,PRESENTATION PRIMARY SCHOOL,GEORGES HILL  DUBLIN 7,05933G,01 8733061,198,Senior Girls/Infant Mixed,Ordinary School,CATHOLIC,DUBLIN,HALSTON STREET & ARRAN QUAY,315140.340,234486.454
175,Dun Laoghaire - Rathdown,BOOTERSTOWN BOYS,BOOTERSTOWN  BLACKROCK  CO DUBLIN,06200O,01 2886830,210,Boys,Ordinary School,CATHOLIC,DUBLIN,BOOTERSTOWN,320101.563,230229.031
215,Dublin City,GOLDENBRIDGE CONVENT,GOLDENBRIDGE  INCHICORE  DUBLIN 8,07546J,01 4541265,242,Senior Girls/Infant Mixed,Ordinary School,CATHOLIC,DUBLIN,"INCHICORE,ST MICHAEL'S",312020.556,233117.124
285,Dublin Fingal,BALSCADDEN N S,BALSCADDEN  RING COMMONS  CO DUBLIN,09492W,01 8412579,234,Mixed,Ordinary School,CATHOLIC,DUBLIN,BALBRIGGAN,317040.375,264260.938
287,Dublin Fingal,BURROWS N S,SUTTON  DUBLIN 13,09642P,01 8325784,215,Mixed,Ordinary School,CHURCH OF IRELAND,DUBLIN & GLENDALOUGH,,326432.695,239560.142
294,Dublin City,ST JOSEPHS BOYS N S,TERENURE  DUBLIN 6,09750S,01 4906905,496,Boys,Ordinary School,CATHOLIC,DUBLIN,TERENURE,314559.920,230169.487
305,Dublin City,STANHOPE ST CONVENT,STANHOPE STREET  DUBLIN 7,09932B,01 6716686,378,Senior Girls/Infant Mixed,Ordinary School,CATHOLIC,DUBLIN,AUGHRIM STREET,314477.600,234895.588
323,Dublin Fingal,SCOIL NAOMH MEARNOG,STRAND ROAD  PORTMARNOCK  CO DUBLIN,10296G,01 8462060,261,Mixed,Ordinary School,CATHOLIC,DUBLIN,PORTMARNOCK,324033.780,242940.692
328,Dun Laoghaire - Rathdown,ALL SAINTS N S,CARYSFORT AVE  BLACKROCK  CO DUBLIN,10494K,01 2885355,53,Mixed,Ordinary School,CHURCH OF IRELAND,DUBLIN & GLENDALOUGH,,321360.670,228079.246
339,Dublin City,CHAPELIZOD N S,CHAPELIZOD  DUBLIN 20,10653E,01 6267774,29,Mixed,Ordinary School,CHURCH OF IRELAND,DUBLIN & GLENDALOUGH,,310279.149,234590.328
394,Dublin City,ST PATRICKS N SCHOOL,DRUMCONDRA  DUBLIN 9,11525A,01 8372714,488,Boys,Ordinary School,CATHOLIC,DUBLIN,DRUMCONDRA,315979.117,236945.290
396,Dublin City,CITY QUAY BOYS N S,CITY QUAY  DUBLIN 2,11578V,01 6713754,152,Mixed,Ordinary School,CATHOLIC,DUBLIN,CITY QUAY,316508.775,234331.642
398,Dublin Fingal,ST ANDREWS N S,MALAHIDE  CO DUBLIN,11583O,01 8450185,217,Mixed,Ordinary School,CHURCH OF IRELAND,DUBLIN & GLENDALOUGH,,322762.360,245879.970
401,Dublin Belgard/South,WHITECHURCH NAT SCHOOL,WHITECHURCH  RATHFARNHAM  DUBLIN 16,11638N,01 4942177,149,Mixed,Ordinary School,CHURCH OF IRELAND,DUBLIN & GLENDALOUGH,,314646.000,225971.078
409,Dublin City,ST LAURENCE O TOOLE JUNIOR BOYS,SEVILLE PLACE  DUBLIN 1,11776C,01 8364577,73,Boys,Ordinary School,CATHOLIC,DUBLIN,SEVILLE PLACE,317085.043,234849.187
414,Dun Laoghaire - Rathdown,RATHMICHAEL N S,RATHMICHAEL  SHANKILL  CO DUBLIN,11873A,01 2824794,223,Mixed,Ordinary School,CHURCH OF IRELAND,DUBLIN & GLENDALOUGH,,325061.471,222247.714
416,Dublin City,SCOIL MHUIRE,15 GILFORD ROAD  SANDYMOUNT  DUBLIN 4,11894I,01 2695273,274,Girls,Ordinary School,CATHOLIC,DUBLIN,SANDYMOUNT,319165.023,232351.705
429,Dublin Belgard/South,ST ANDREWS N S,LUCAN  CO DUBLIN,12014D,01 6280975,235,Mixed,Ordinary School,CHURCH OF IRELAND,DUBLIN & GLENDALOUGH,,303937.683,235560.048
461,Dublin Fingal,SWORDS BOROUGH N S,SWORDS BOROUGH N S  SWORDS  CO DUBLIN,12358M,01 8407036,110,Mixed,Ordinary School,CHURCH OF IRELAND,DUBLIN & GLENDALOUGH,,318077.406,246712.203
472,Dublin City,GARDINER STREET CONVENT,GARDINER STREET  DUBLIN 1,12448N,01 8722894,292,Senior Girls/Infant Mixed,Ordinary School,CATHOLIC,DUBLIN,GARDINER STREET,315972.393,235597.287
507,Dublin City,KILDARE PLACE  N S,96 UPPER RATHMINES RD  DUBLIN 6,12755W,01 4065466,214,Mixed,Ordinary School,CHURCH OF IRELAND,DUBLIN & GLENDALOUGH,,315764.000,231187.000
552,Dublin Belgard/South,HOLY FAMILY NATIONAL SCHOOL,RATHCOOLE  CO DUBLIN,13217W,01 4580570,302,Mixed,Ordinary School,CATHOLIC,DUBLIN,SAGGART,301724.156,226600.891
585,Dublin Belgard/South,SCOIL MHUIRE,LUCAN  CO DUBLIN,13447Q,01 6280056,635,Girls,Ordinary School,CATHOLIC,DUBLIN,LUCAN,303914.885,235411.486
604,Dublin City,PRESENTATION PRIMARY SCHOOL,BLACKPITTS  DUBLIN 8,13611D,01 4539547,320,Senior Girls/Infant Mixed,Ordinary School,CATHOLIC,DUBLIN,FRANCIS STREET,314871.011,233070.669
605,Dublin City,PRESENTATION PRIMARY SCHOOL,TERENURE  DUBLIN 6W,13612F,01 4906813,587,Girls,Ordinary School,CATHOLIC,DUBLIN,TERENURE,314151.777,230269.985
645,Dublin City,HOWTH RD MXD N S,HOWTH RD  CLONTARF  DUBLIN 3,13815T,01 8335124,90,Mixed,Ordinary School,PRESBYTERIAN,DUBLIN & GLENDALOUGH,,318134.768,236332.142
699,Dublin Fingal,HOLMPATRICK N S,HOLMPATRICK  SKERRIES  CO. DUBLIN,14180H,01 8491409,93,Mixed,Ordinary School,CHURCH OF IRELAND,DUBLIN & GLENDALOUGH,,325399.263,260513.896
748,Dublin City,ST COLUMBAS N S MXD,NORTH STRAND  DUBLIN 3,14463T,01 8556805,20,Mixed,Ordinary School,CHURCH OF IRELAND,DUBLIN & GLENDALOUGH,,317076.948,235694.084
756,Dublin City,ST ENDAS PRIMARY SCHOOL,ST ENDAS PRIMARY SCHOOL  WHITEFRIAR ST  DUBLIN 8,14556D,01 4757566,154,Mixed,Ordinary School,CATHOLIC,DUBLIN,WHITEFRIAR STREET,315469.531,233608.734
760,Dun Laoghaire - Rathdown,CARYSFORT NS,CONVENT ROAD  BLACKROCK  CO DUBLIN,14586M,01 2885803,492,Mixed,Ordinary School,CATHOLIC,DUBLIN,BLACKROCK,321240.763,228945.622
769,Dun Laoghaire - Rathdown,DALKEY N S (2),DALKEY  CO DUBLIN,14647G,01 2803647,95,Mixed,Ordinary School,CHURCH OF IRELAND,DUBLIN & GLENDALOUGH,,326574.799,227346.653
776,Dublin City,RATHGAR N S,RATHGAR  DUBLIN 6,14717B,01 4907661,96,Mixed,Ordinary School,METHODIST,DUBLIN & GLENDALOUGH,,314988.826,230670.619
801,Dublin City,ZION PARISH PRIMARY SCHOOL,BUSHY PARK ROAD  RATHGAR  DUBLIN 6,14917J,01 4910065,103,Mixed,Ordinary School,CHURCH OF IRELAND,DUBLIN & GLENDALOUGH,,315055.725,229991.563
804,Dublin Belgard/South,RATHFARNHAM PARISH N S,WASHINGTON LANE  TEMPLEOGUE  DUBLIN 14,14939T,01 4943470,236,Mixed,Ordinary School,CHURCH OF IRELAND,DUBLIN & GLENDALOUGH,,313177.539,228325.902
809,Dublin City,GLASNEVIN N S,BOTANIC AVENUE  GLASNEVIN  DUBLIN 9,14980Q,01 8373727,63,Mixed,Ordinary School,CHURCH OF IRELAND,DUBLIN & GLENDALOUGH,,315362.311,237196.797
829,Dublin City,S N SAN VINSEANN CAILIN,NORTH WILLIAM ST  DUBLIN 1,15056L,01 8740048,211,Girls,Ordinary School,CATHOLIC,DUBLIN,SEAN MCDERMOTT STREET,316789.103,235538.624
837,Dun Laoghaire - Rathdown,HAROLD BOYS N S,DALKEY  CO DUBLIN,15132B,01 2856193,85,Boys,Ordinary School,CATHOLIC,DUBLIN,DALKEY,326540.472,226991.827
853,Dublin City,ST PATRICKS GIRLS NS,CAMBRIDGE ROAD  DUBLIN 4,15253N,01 6685928,121,Girls,Ordinary School,CATHOLIC,DUBLIN,RINGSEND,318225.906,234008.031
859,Dun Laoghaire - Rathdown,TANEY N S,SYDENHAM VILLAS  DUNDRUM  DUBLIN 14,15284B,01 2985015,468,Mixed,Ordinary School,CHURCH OF IRELAND,DUBLIN & GLENDALOUGH,,317535.889,227909.021
867,Dublin Fingal,ST GEORGES N S,ST GEORGES N S  HAMPTON STREET  BALBRIGGAN  CO. DUBLIN,15315J,01 8412489,58,Mixed,Ordinary School,CHURCH OF IRELAND,DUBLIN & GLENDALOUGH,,320549.120,263496.486
922,Dublin Fingal,SCOIL MOIBHI,MILVERTON  SKERRIES  CO DUBLIN,15569R,01 8492467,67,Mixed,Ordinary School,CATHOLIC,DUBLIN,SKERRIES,322788.031,258768.719
930,Dublin City,SANDFORD N S,RANELAGH  DUBLIN 6,15618E,01 4974277,236,Mixed,Ordinary School,CHURCH OF IRELAND,DUBLIN & GLENDALOUGH,,316787.679,231472.878
931,Dublin City,ST PATRICKS NS,CHAPELIZOD VILLAGE  CHAPELIZOD  DUBLIN 20,15622S,01 6265752,207,Mixed,Ordinary School,CATHOLIC,DUBLIN,CHAPELIZOD,310372.533,234403.349
932,Dublin City,ST CATHERINES WEST N S,DONORE AVENUE  SOUTH CIRCULAR ROAD  DUBLIN 8,15625B,01 4542679,87,Mixed,Ordinary School,CHURCH OF IRELAND,DUBLIN & GLENDALOUGH,,314423.667,232783.322
939,Dublin Fingal,CORDUFF N S,LUSK  CO DUBLIN,15650A,01 8438274,92,Mixed,Ordinary School,CATHOLIC,DUBLIN,LUSK,320064.656,253363.609
960,Dublin City,ST VINCENTS INF BOYS,NORTH WILLIAM STREET  DUBLIN 1,15816I,01 8363074,119,Boys,Ordinary School,CATHOLIC,DUBLIN,SEAN MCDERMOTT STREET,316775.671,235501.249
966,Dublin City,DRUMCONDRA N S,CHURCH AVENUE  DRUMCONDRA  DUBLIN 9,15895H,01 8374886,40,Mixed,Ordinary School,CHURCH OF IRELAND,DUBLIN & GLENDALOUGH,,316564.413,236854.312
988,Dublin City,CANON O HANLON MEMORIAL N S,SANDYMOUNT  DUBLIN 4,15995L,01 6686394,295,Boys,Ordinary School,CATHOLIC,DUBLIN,SANDYMOUNT,318710.240,233197.095
1040,Dublin City,LINDSAY ROAD N S,LINDSAY ROAD  GLASNEVIN  DUBLIN 9,16177F,01 8600247,72,Mixed,Ordinary School,PRESBYTERIAN,DUBLIN & GLENDALOUGH,,315563.328,236344.264
1056,Dublin Fingal,ST PATRICKS BOYS NATIONAL SCHOOL,PORTRANE ROAD  DONABATE  CO. DUBLIN,16267G,01 8436168,331,Boys,Ordinary School,CATHOLIC,DUBLIN,DONABATE,323742.813,250785.859
1073,Dublin Fingal,ST PATRICKS SNR MIXED,SKERRIES  CO DUBLIN,16332O,01 8490945,360,Mixed,Ordinary School,CATHOLIC,DUBLIN,SKERRIES,325224.100,260319.901
1074,Dublin Fingal,ST PATRICKS JNR MIXED,SKERRIES  CO DUBLIN,16333Q,01 8490836,345,Mixed,Ordinary School,CATHOLIC,DUBLIN,SKERRIES,325146.996,260333.845
1082,Dun Laoghaire - Rathdown,ST BRIGIDS BOYS N S,FOXROCK  DUBLIN 18,16352U,01 2893199,459,Boys,Ordinary School,CATHOLIC,DUBLIN,FOXROCK,322194.096,225819.283
1083,Dun Laoghaire - Rathdown,ST BRIGIDS GIRLS N S,FOXROCK  DUBLIN 18,16353W,01 2847422,516,Girls,Ordinary School,CATHOLIC,DUBLIN,FOXROCK,322194.096,225819.283
1103,Dublin Belgard/South,CAISLEAIN NUA LIAMHNA,NEWCASTLE LYONS  CO DUBLIN,16461C,01 4580114,249,Mixed,Ordinary School,CATHOLIC,DUBLIN,NEWCASTLE,299905.688,228734.000
1117,Dublin City,ST BRIGIDS CONVENT N S,HADDINGTON ROAD  DUBLIN 4,16567S,01 6681155,256,Senior Girls/Infant Mixed,Ordinary School,CATHOLIC,DUBLIN,HADDINGTON ROAD,317249.343,232978.559
1119,Dublin City,ST BRIGIDS CONVENT,GLASNEVIN  DUBLIN 11,16577V,01 8376653,465,Girls,Ordinary School,CATHOLIC,DUBLIN,GLASNEVIN,314809.099,237658.011
1129,Dun Laoghaire - Rathdown,KILTERNAN CHURCH OF IRELAND NS,KILTERNAN  CO DUBLIN,16629O,01 2953235,152,Mixed,Ordinary School,CHURCH OF IRELAND,DUBLIN & GLENDALOUGH,,320205.000,222861.547
1138,Dublin City,ST CLARES CONVENT N S,HAROLDS CROSS ROAD  DUBLIN 6W,16651H,01 4963237,267,Mixed,Ordinary School,CATHOLIC,DUBLIN,HAROLD'S CROSS,314938.310,232059.436
1141,Dublin City,ST COLUMBAS CON G & I,IONA ROAD  GLASNEVIN  DUBLIN 9,16659A,01 8305040,391,Senior Girls/Infant Mixed,Ordinary School,CATHOLIC,DUBLIN,IONA ROAD,315640.673,236553.521
1148,Dublin Fingal,MULHUDDART NS,MULHUDDART  VILLAGE  DUBLIN 15,16675V,01 8210623,111,Mixed,Ordinary School,CATHOLIC,DUBLIN,BLANCHARDSTOWN,306725.563,240229.689
1154,Dublin City,SCOIL NA MBRATHAR,NORTH BRUNSWICK STREET  DUBLIN 7,16695E,01 8722167,180,Boys,Ordinary School,CATHOLIC,DUBLIN,HALSTON STREET & ARRAN QUAY,314802.908,234723.267
1175,Dublin City,ST VINCENTS CONVENT INF N S,67 GRIFFITH AVENUE  DUBLIN 9,16754R,01 8334538,364,Mixed,Ordinary School,CATHOLIC,DUBLIN,MARINO,317835.000,236976.000
1177,Dublin City,S N MHUIRE NA MBRATHAR,MARINO  DUBLIN 9,16759E,01 8336421,305,Boys,Ordinary School,CATHOLIC,DUBLIN,MARINO,317698.000,237047.000
1189,Dublin City,ST BRIGIDS CONVENT N S,THE COOMBE  DUBLIN 8,16786H,01 4547734,215,Senior Girls/Infant Mixed,Ordinary School,CATHOLIC,DUBLIN,FRANCIS STREET,314983.274,233449.532
1192,Dublin City,ST BRIGIDS CONVENT N S,KILLESTER  DUBLIN 5,16792C,01 8315138,421,Girls,Ordinary School,CATHOLIC,DUBLIN,KILLESTER,319454.686,237962.853
1194,Dun Laoghaire - Rathdown,ST BRIGIDS N S,MERVILLE  RD  STILLORGAN  BLACKROCK.  CO. DUBLIN,16794G,01 2833095,90,Mixed,Ordinary School,CHURCH OF IRELAND,DUBLIN & GLENDALOUGH,,320316.657,227600.746
1218,Dublin Fingal,SCOIL N. BREANDAN,LOUGHSHINNY  SKERRIES  CO DUBLIN,16844S,01 8490394,219,Mixed,Ordinary School,CATHOLIC,DUBLIN,RUSH,326010.875,256909.422
1224,Dublin City,CORPUS CHRISTI N S,HOME FARM ROAD  DRUMCONDRA  DUBLIN 9,16860Q,01 8379745,394,Girls,Ordinary School,CATHOLIC,DUBLIN,DRUMCONDRA,316021.300,237463.673
1271,Dublin City,SCOIL MHUIRE OGH 1,LORETO COLLEGE  CRUMLIN RD  DUBLIN 12,16964F,01 4541669,188,Girls,Ordinary School,CATHOLIC,DUBLIN,DOLPHIN'S BARN,313463.519,232384.228
1272,Dublin City,SCOIL NAISIUNTA STRATFORD,1 ZION ROAD  RATHGAR  DUBLIN 6,16966J,01 4922315,94,Mixed,Ordinary School,JEWISH,,,315039.442,230179.406
1273,Dublin Fingal,ST MOLAGA SENIOR NS,BREMORE  BALBRIGGAN  CO DUBLIN,16970A,01 8413133,432,Mixed,Ordinary School,CATHOLIC,DUBLIN,BALBRIGGAN,319802.000,264392.000
1274,Dublin Fingal,S N PEADAR AGUS POL N,BALBRIGGAN  CO DUBLIN,16972E,01 8412670,459,Mixed,Ordinary School,CATHOLIC,DUBLIN,BALBRIGGAN,319946.307,263741.102
1279,Dublin City,CHRIST THE KING B N S,CABRA  DUBLIN 7,16988T,01 8680503,119,Boys,Ordinary School,CATHOLIC,DUBLIN,CABRA,314203.000,236165.000
1306,Dublin Belgard/South,S N  NAOMH MHUIRE,SAGGART  CO DUBLIN,17055T,01 4580922,184,Mixed,Ordinary School,CATHOLIC,DUBLIN,SAGGART,303834.438,226478.859
1319,Dublin City,S N MUIRE GAN SMAL B,INCHICORE  DUBLIN 8,17083B,01 4541641,268,Mixed,Ordinary School,CATHOLIC,DUBLIN,"INCHICORE,MARY IMMACULATE",311618.465,233214.146
1335,Dublin City,ST FRANCIS JUNIOR NATIONAL SCHOOL,PRIORSWOOD  DUBLIN 17,17104G,01 8470804,229,Mixed,Ordinary School,CATHOLIC,DUBLIN,PRIORSWOOD,319436.823,240741.158
1338,Dublin City,NAOMH LORCAN O TUATHAIL,PLAS SEIBHIL  BAILE ATHA CLIATH 1,17110B,01 8363490,72,Boys,Ordinary School,CATHOLIC,DUBLIN,SEVILLE PLACE,316992.000,235069.000
1356,Dublin City,S N EOIN BAISDE G SEN,SEAFIELD ROAD  CLONTARF  DUBLIN 3,17148D,01 8331888,423,Girls,Ordinary School,CATHOLIC,DUBLIN,"CLONTARF,ST JOHN'S",320044.822,236315.231
1385,Dublin City,CLOCHAR LUGHAIDH CAILIN,WILLIAMS PARK  RATHMINES  DUBLIN 6,17210F,01 4976098,351,Mixed,Ordinary School,CATHOLIC,DUBLIN,RATHMINES,315417.905,231842.730
1386,Dublin City,CLOCHAR LUGHAIDH NAOIDH,WILLIAMS PARK  RATHMINES  DUBLIN 6,17211H,01 4972188,289,Mixed,Ordinary School,CATHOLIC,DUBLIN,RATHMINES,315482.656,231859.813
1389,Dublin City,SAN UINSIONN C B S,GLASNEVIN  DUBLIN 9,17214N,01 8302328,339,Boys,Ordinary School,CATHOLIC,DUBLIN,IONA ROAD,314873.623,236634.949
1413,Dublin Fingal,S N MUIRE AN SEAN BAILE,SEAN BHAILE  CO DUBLIN,17263D,01 8433420,40,Mixed,Ordinary School,CATHOLIC,DUBLIN,ROLESTOWN,311566.531,254016.828
1423,Dublin City,SCOIL MUIRE,HADDINGTON ROAD  DUBLIN 4,17279S,01 6603742,136,Boys,Ordinary School,CATHOLIC,DUBLIN,HADDINGTON ROAD,317227.932,232975.591
1428,Dublin Fingal,BALDOYLE B N S,SCOIL NAISIUNTA BAILE DUILL  BR CLOCHAISE  BAILE DUBHGHAILL  ATH CLIATH 13.,17284L,01 8322938,233,Boys,Ordinary School,CATHOLIC,DUBLIN,BALDOYLE,324249.266,240074.457
1444,Dublin City,SCOIL AN LEINBH IOSA B,LARKHILL  WHITEHALL  DUBLIN 9,17318C,01 8372472,236,Boys,Ordinary School,CATHOLIC,DUBLIN,LARKHILL-WHITEHALL,316750.014,238593.382
1445,Dublin City,AN LEINBH IOSA CAILINI,LARKHILL  WHITEHALL  DUBLIN 9,17319E,01 8377384,182,Girls,Ordinary School,CATHOLIC,DUBLIN,LARKHILL-WHITEHALL,316812.930,238717.302
1446,Dublin City,AN LEINBH IOSA NAOIDHIN,LARKHILL  WHITEHALL  DUBLIN 9,17320M,01 8375870,173,Mixed,Ordinary School,CATHOLIC,DUBLIN,LARKHILL-WHITEHALL,316812.930,238717.302
1464,Dublin City,MUIRE NA DEA COIRLE G,MOURNE ROAD  DRIMNAGH  DUBLIN 12,17355I,01 4557011,177,Girls,Ordinary School,CATHOLIC,DUBLIN,MOURNE ROAD,312147.873,232373.847
1465,Dublin City,MUIRE NA DEA COIRLE INF,MOURNE ROAD  DUBLIN 12,17356K,01 4556594,219,Mixed,Ordinary School,CATHOLIC,DUBLIN,MOURNE ROAD,312147.873,232373.847
1474,Dublin City,SCOIL MHUIRE GNS,NAVAN ROAD  DUBLIN 7,17367P,01 8380471,438,Girls,Ordinary School,CATHOLIC,DUBLIN,NAVAN ROAD,312623.839,237003.980
1488,Dublin City,CHRIST THE KING I G,CABRA  DUBLIN 7,17459U,01 8680115,63,Girls,Ordinary School,CATHOLIC,DUBLIN,CABRA,314162.000,236173.000
1491,Dublin City,FIONNBARRA NAOFA,CABRA WEST  DUBLIN 7,17464N,01 8380060,115,Boys,Ordinary School,CATHOLIC,DUBLIN,CABRA WEST,313368.506,236760.661
1492,Dublin City,DOMINICAN CONVENT GIRLS,CABRA  DUBLIN 7,17465P,01 8387194,191,Girls,Ordinary School,CATHOLIC,DUBLIN,CABRA WEST,312623.839,237003.980
1493,Dublin City,ST CATHERINES INFANT SCHOOL,CABRA  DUBLIN 7,17466R,01 8684046,128,Mixed,Ordinary School,CATHOLIC,DUBLIN,CABRA WEST,312725.596,236881.127
1495,Dun Laoghaire - Rathdown,ST RAPHAELAS N S,UPPER KILMACUD ROAD  STILLORGAN  CO DUBLIN,17470I,01 2886878,226,Mixed,Ordinary School,CATHOLIC,DUBLIN,KILMACUD,318188.844,225197.906
1497,Dublin Fingal,BAILE FALBACH,LUSK  CO DUBLIN,17472M,01 8438372,54,Mixed,Ordinary School,CATHOLIC,DUBLIN,LUSK,318849.938,257116.359
1519,Dun Laoghaire - Rathdown,S N PADRAIG NAOFA,GLEANN CUILLIN  CILLTIGHEARNAIN  CO ATHA CLIATH,17507F,01 2954255,98,Mixed,Ordinary School,CATHOLIC,DUBLIN,SANDYFORD,319116.219,220556.188
1557,Dublin Fingal,S N MHUIRE,GARRISTOWN  CO DUBLIN,17559B,01 8354505,116,Mixed,Ordinary School,CATHOLIC,DUBLIN,GARRISTOWN,307056.040,258177.742
1565,Dublin Fingal,ST OLIVER PLUNKETT'S NS,BAILE AN RIDIRE  BAILE BRIGIN  CO ATHA CLIATH,17569E,01 8411494,320,Mixed,Ordinary School,CATHOLIC,DUBLIN,BALBRIGGAN,320178.031,261483.344
1578,Dublin Fingal,CILL COSCAIN,THE WARD  CO DUBLIN,17595F,01 8351508,71,Mixed,Ordinary School,CATHOLIC,DUBLIN,FINGLAS,309985.750,247209.328
1584,Dublin City,SCOIL IOSAGAIN,AUGHAVANNAGH ROAD  CRUMLIN  DUBLIN 12,17603B,01 4541821,127,Boys,Ordinary School,CATHOLIC,DUBLIN,CLOGHER ROAD,314154.162,232427.400
1635,Dublin City,MUIRE OG 2 LORETO CON,CRUMLIN ROAD  DUBLIN 12,17683C,01 4541746,282,Mixed,Ordinary School,CATHOLIC,DUBLIN,DOLPHIN'S BARN,313463.519,232384.228
1662,Dublin City,S N NA LANAI GLASA,SEAFIELD AVENUE  CLONTARF  DUBLIN 3,17730I,01 8331554,107,Mixed,Ordinary School,CHURCH OF IRELAND,DUBLIN & GLENDALOUGH,,320573.973,236524.481
1664,Dublin City,SCOIL CHIARAIN,ASCAL UI CHOILEAIN  DOMHNACH CAIRNE  BAILE ATHA CLIATH 5,17732M,01 8313072,88,Boys,Ordinary School,CATHOLIC,DUBLIN,DONNYCARNEY,318857.753,237437.227
1697,Dublin Fingal,SAN NIOCLAS MYRA,KINSEALY  DUBLIN 17,17785K,01 8464033,94,Mixed,Ordinary School,CATHOLIC,DUBLIN,KINSEALY,321309.500,242715.078
1715,Dublin Fingal,BRIGHDE NAOFA,BAILE ROTHLUIS  KILSALLAGHAN  CO DUBLIN,17820J,01 8404130,272,Mixed,Ordinary School,CATHOLIC,DUBLIN,ROLESTOWN,312274.157,250061.225
1749,Dublin City,SCOIL UI CHONAILL,NTH RICHMOND STREET  DUBLIN 1,17881G,01 8557517,150,Boys,Ordinary School,CATHOLIC,DUBLIN,SEAN MCDERMOTT STREET,316474.007,235605.084
1754,Dublin City,SCOIL MHUIRE,MOUNT SACKVILLE CONVENT  CHAPELIZOD  DUBLIN 20,17891J,01 8213105,249,Girls,Ordinary School,CATHOLIC,DUBLIN,CASTLEKNOCK,309999.893,234633.246
1755,Dublin City,SANCTA MARIA C B S,SYNGE ST  DUBLIN 8,17893N,01 4784316,119,Boys,Ordinary School,CATHOLIC,DUBLIN,HARRINGTON STREET,315417.282,232843.650
1757,Dublin Belgard/South,SCOIL CARMEL,TEACH GIUISE  TALLAGHT  DUBLIN 24,17899C,01 4514151,432,Mixed,Ordinary School,CATHOLIC,DUBLIN,FIRHOUSE,310942.024,227353.687
1764,Dublin City,S N EOIN BOSCO BUACH,NAVAN ROAD  DUBLIN 7,17912O,01 8380371,426,Boys,Ordinary School,CATHOLIC,DUBLIN,NAVAN ROAD,312271.006,236597.158
1766,Dublin Fingal,ST OLIVER PLUNKETT,ST OLIVER PLUNKETT NS  GROVE ROAD  MALAHIDE  CO DUBLIN,17914S,01 8452052,906,Mixed,Ordinary School,CATHOLIC,DUBLIN,MALAHIDE,322916.244,245606.603
1772,Dublin Fingal,SN N SAILBHEASTAR NFA,MALAHIDE  CO DUBLIN,17928G,01 8450061,337,Mixed,Ordinary School,CATHOLIC,DUBLIN,MALAHIDE,322067.000,245928.000
1777,Dublin City,S N EOIN BAISDE B SIN,SEAFIELD RD  CLONTARF  DUBLIN 3,17936F,01 8331852,340,Boys,Ordinary School,CATHOLIC,DUBLIN,"CLONTARF,ST ANTHONY'S",319916.252,236313.585
1788,Dublin Belgard/South,S N BHAILE EAMONN,RATHFARNHAM  DUBLIN 14,17953F,01 4933255,93,Mixed,Ordinary School,CATHOLIC,DUBLIN,BALLYBODEN,313507.594,225592.813
1789,Dun Laoghaire - Rathdown,SCOIL CAOIMHIN NAOFA,MOUNT MERRION  BLACKROCK  CO DUBLIN,17954H,01 2887108,291,Mixed,Ordinary School,CATHOLIC,DUBLIN,MOUNT MERRION,319730.176,228238.297
1793,Dublin Fingal,S N LUSCA,LUSK  CO DUBLIN,17961E,01 8437738,500,Mixed,Ordinary School,CATHOLIC,DUBLIN,LUSK,321539.250,254787.844
1799,Dun Laoghaire - Rathdown,CL SCOIL M NA TROCAIRE,BAILE AN BHOTHAIR  CO BAILE ATHA CLIATH,17970F,01 2884223,225,Girls,Ordinary School,CATHOLIC,DUBLIN,BOOTERSTOWN,320015.000,229822.000
1801,Dublin City,SCOIL ASSAIM B,RAHENY  DUBLIN 5,17976R,01 8314044,266,Boys,Ordinary School,CATHOLIC,DUBLIN,RAHENY,321376.000,238002.000
1802,Dublin City,SCOIL AINE C,RAHENY  DUBLIN 5,17977T,01 8319463,306,Girls,Ordinary School,CATHOLIC,DUBLIN,RAHENY,321376.334,238001.952
1803,Dublin City,NAISCOIL IDE,ALL SAINTS DRIVE  RAHENY  DUBLIN 5,17978V,01 8317688,342,Mixed,Ordinary School,CATHOLIC,DUBLIN,RAHENY,321339.763,237985.589
1804,Dun Laoghaire - Rathdown,S N CNOC AINBHIL,LR KILMACUD RD  STILLORGAN/BLACKROCK  CO DUBLIN.,17979A,01 2831148,413,Girls,Ordinary School,CATHOLIC,DUBLIN,KILMACUD,318902.633,227997.737
1813,Dublin Belgard/South,GLEN NA SMOL N S,GLEN NA SMAL  TALLAGHT  DUBLIN 24,17996A,01 4624143,61,Mixed,Ordinary School,CATHOLIC,DUBLIN,BOHERNABREENA,309688.344,222907.375
1842,Dublin Fingal,ST MARGARETS N S,ST MARGARETS  CO.DUBLIN.,18038B,01 8361669,75,Mixed,Ordinary School,CATHOLIC,DUBLIN,FINGLAS,313010.617,243552.745
1849,Dublin Fingal,SCOIL BRIDE B,BLANCHARDSTOWN  DUBLIN 15,18046A,01 8201299,270,Boys,Ordinary School,CATHOLIC,DUBLIN,BLANCHARDSTOWN,308288.056,238339.369
1850,Dublin Fingal,SCOIL BRIDE C,BLANCHARDSTOWN  DUBLIN 15,18047C,01 8201717,316,Girls,Ordinary School,CATHOLIC,DUBLIN,BLANCHARDSTOWN,308288.056,238339.369
1873,Dublin Fingal,SCOIL MHUIRE MXD,TUCKETTS LANE  HOWTH  CO DUBLIN,18080A,01 8323572,194,Mixed,Ordinary School,CATHOLIC,DUBLIN,HOWTH,328539.330,238848.773
1911,Dublin City,S N NAOMH FEARGAL,FINGLAS WEST  DUBLIN 11,18137D,01 8347609,136,Boys,Ordinary School,CATHOLIC,DUBLIN,FINGLAS WEST,312705.168,238805.022
1928,Dublin City,SN MUIRE NA FREASTOGALA,SIURACHA NA CARTHANACHR  BAILE UAILCIN  BAILE ATHA CLIATH 12,18170B,01 4508309,205,Girls,Ordinary School,CATHOLIC,DUBLIN,WALKINSTOWN,311188.813,231563.705
1929,Dublin City,OUR LADY ASSUMPTION BNS,SIURACHA NA CARTHANACHA  BAILE UAILCIN  BAILE ATHA CLIATH 12,18171D,01 4507613,181,Boys,Ordinary School,CATHOLIC,DUBLIN,WALKINSTOWN,311188.813,231563.705
1931,Dublin Belgard/South,S N BRIOTAS,BRITTAS  CO DUBLIN,18173H,01 4582311,90,Mixed,Ordinary School,CATHOLIC,DUBLIN,SAGGART,303389.719,221610.188
1950,Dublin City,S N AN PHAROISTE,FINGLAS  DUBLIN 11,18205R,01 8347349,65,Mixed,Ordinary School,CHURCH OF IRELAND,DUBLIN & GLENDALOUGH,,312922.128,238893.229
1990,Dublin City,SN PAROISTE MSN PAROISTE MAITIU NFA,CRANFIELD PLACE  SANDYMOUNT  DUBLIN 4,18282M,01 6603145,115,Mixed,Ordinary School,CHURCH OF IRELAND,DUBLIN & GLENDALOUGH,,318542.000,233348.000
2010,Dublin Belgard/South,SCOIL LORCAIN B,PALMERSTOWN  DUBLIN 20,18323A,01 6267493,420,Boys,Ordinary School,CATHOLIC,DUBLIN,PALMERSTOWN,308655.000,234793.000
2011,Dublin Belgard/South,SCOIL BRIDE C,PALMERSTOWN  DUBLIN 20,18324C,01 6265431,405,Girls,Ordinary School,CATHOLIC,DUBLIN,PALMERSTOWN,308615.475,234756.186
2033,Dublin City,SCOIL BHREANDAIN,COOLOCK  DUBLIN 5,18360G,01 8319047,192,Boys,Ordinary School,CATHOLIC,DUBLIN,ARTANE,320063.170,238374.281
2034,Dublin City,S N CAITRIONA C,COOLOCK  DUBLIN 5,18361I,01 8480018,261,Girls,Ordinary School,CATHOLIC,DUBLIN,COOLOCK,319940.985,238690.719
2035,Dublin City,S N CAITRIONA NAIONAIN,COOLOCK  DUBLIN 5,18362K,01 8480142,246,Mixed,Ordinary School,CATHOLIC,DUBLIN,COOLOCK,319941.000,238691.000
2048,Dublin City,MARIST NATIONAL SCHOOL,CLOGHER ROAD  CRUMLIN  DUBLIN 12,18386B,01 4541228,264,Senior Girls/Infant Mixed,Ordinary School,CATHOLIC,DUBLIN,CLOGHER ROAD,313769.042,231977.444
2060,Dublin Belgard/South,ST MARYS SCHOOL,GREENHILLS ROAD  TALLAGHT  DUBLIN 24,18411U,01 4515387,267,Mixed,Ordinary School,CATHOLIC,DUBLIN,"TALLAGHT,ST MARY'S",309594.094,227907.332
2061,Dublin Fingal,S N C NAOMH PADRAIG,DONABATE  CO DUBLIN,18412W,01 8436201,406,Girls,Ordinary School,CATHOLIC,DUBLIN,DONABATE,323787.531,250785.859
2083,Dun Laoghaire - Rathdown,SCOIL LORCAIN,CEARNOG EATON  BAILE NA MANACH  CO ATHA CLIATH,18451J,01 2808906,442,Mixed,All Irish School,CATHOLIC,DUBLIN,BLACKROCK,322412.592,228914.313
2087,Dublin City,OUR LADY OF ASSUMPTION,SIURACHA NA CARTHANACHA  BAILE UAILCIN  BAILE ATHA CLIATH 12,18455R,01 4507613,188,Girls,Ordinary School,CATHOLIC,DUBLIN,WALKINSTOWN,311188.813,231563.705
2099,Dublin City,SCOIL NA MBRATHAR,FRANCIS STREET  DUBLIN 8,18477E,01 4531800,129,Boys,Ordinary School,CATHOLIC,DUBLIN,FRANCIS STREET,314930.935,233662.374
2126,Dublin City,SCOIL SEAMUS C B S,JAMES STREET  DUBLIN 8,18519R,01 4534321,143,Boys,Ordinary School,CATHOLIC,DUBLIN,JAMES'S STREET,313986.003,233523.820
2172,Dublin Belgard/South,SCOIL MHUIRE,CLONDALKIN  DUBLIN 22,18602E,01 4592986,350,Senior Girls/Infant Mixed,Ordinary School,CATHOLIC,DUBLIN,CLONDALKIN,307052.211,230913.376
2180,Dublin Fingal,SCOIL NAISUNTA CHNUACHA,CASTLEKNOCK  DUBLIN 15,18623M,01 8202611,180,Mixed,Ordinary School,CHURCH OF IRELAND,DUBLIN & GLENDALOUGH,,309049.065,237226.962
2185,Dublin City,S N EOIN BOSCO NAI BUAC,NAVAN RD  DUBLIN 7,18632N,01 8380495,222,Boys,Ordinary School,CATHOLIC,DUBLIN,NAVAN ROAD,312247.738,236649.588
2192,Dublin Belgard/South,S N NAOMH EOIN,TOWER ROAD  CLONDALKIN  DUBLIN 22,18642Q,01 4570680,100,Mixed,Ordinary School,CHURCH OF IRELAND,DUBLIN & GLENDALOUGH,,307032.631,231340.149
2195,Dublin City,SPRINGDALE N S,SPRINGDALE NS  LOUGH DERG RD  RAHENY  DUBLIN 5,18646B,01 8317149,151,Mixed,Ordinary School,CHURCH OF IRELAND,DUBLIN & GLENDALOUGH,,321186.439,238421.366
2196,Dun Laoghaire - Rathdown,S N SAN TREASA,THE RISE  MT MERRION  CO DUBLIN,18647D,01 2881505,455,Mixed,Ordinary School,CATHOLIC,DUBLIN,MOUNT MERRION,319401.221,228640.852
2200,Dublin Belgard/South,SCOIL NAOMH SEOSAMH,CLONDALKIN  DUBLIN 22,18655C,01 4592951,375,Boys,Ordinary School,CATHOLIC,DUBLIN,CLONDALKIN,307049.974,230854.987
2212,Dublin City,ST CANICES B N S,FINGLAS  DUBLIN 11,18682F,01 8341585,439,Boys,Ordinary School,CATHOLIC,DUBLIN,FINGLAS,313682.442,239008.310
2213,Dublin City,ST CANICES G N S,FINGLAS  DUBLIN 11,18683H,01 8342072,377,Girls,Ordinary School,CATHOLIC,DUBLIN,FINGLAS,313682.442,239008.310
2236,Dublin City,S N SEOSAMH NA MBRATHAR,FAIRVIEW  DUBLIN 3,18726W,01 8336127,191,Boys,Ordinary School,CATHOLIC,DUBLIN,FAIRVIEW,317635.360,236284.365
2258,Dublin Fingal,S N NAOMH MOCHTA,CLONSILLA  DUBLIN 15,18778S,01 8210499,686,Mixed,Ordinary School,CATHOLIC,DUBLIN,PORTERSTOWN-CLONSILLA,306174.494,238029.651
2266,Dun Laoghaire - Rathdown,KILTERNAN N S 1,KILTERNAN  CO DUBLIN,18806U,01 2955682,338,Mixed,Ordinary School,CATHOLIC,DUBLIN,SANDYFORD,320500.031,222082.781
2268,Dublin City,S N BRIGHDE,CULLENSWOOD HOUSE  BR FEADHA CUILINN  RAGHNALLACH  B A C 6,18817C,01 4973390,316,Mixed,All Irish School,CATHOLIC,DUBLIN,BEECHWOOD AVENUE,316181.176,231567.895
2289,Dun Laoghaire - Rathdown,KILL O THE GRANGE N S,KILL O THE GRANGE  CO DUBLIN,18886V,01 2894578,227,Mixed,Ordinary School,CHURCH OF IRELAND,DUBLIN & GLENDALOUGH,,322658.192,226870.180
2297,Dublin City,ST MALACHYS B N S,EDENMORE  RAHENY  DUBLIN 5,18968A,01 8478952,223,Boys,Ordinary School,CATHOLIC,DUBLIN,EDENMORE,321101.000,239074.000
2298,Dublin City,ST EITHNES SENIOR G N S,EDENMORE  RAHENY  DUBLIN 5,18969C,01 8480630,127,Girls,Ordinary School,CATHOLIC,DUBLIN,EDENMORE,321083.393,239221.917
2299,Dublin Fingal,S N CHOLMILLE B,SWORDS  CO DUBLIN,18976W,01 8405132,477,Boys,Ordinary School,CATHOLIC,DUBLIN,SWORDS,318629.656,246840.781
2300,Dublin Fingal,S N CHOLMCILLE C,SWORDS  CO DUBLIN,18977B,01 8404168,505,Girls,Ordinary School,CATHOLIC,DUBLIN,SWORDS,318658.493,246751.013
2304,Dublin Fingal,BALLYBOGHILL N S,BALLYBOGHILL  CO DUBLIN,19001G,01 8433469,155,Mixed,Ordinary School,CATHOLIC,DUBLIN,BROOKFIELD,314935.344,253811.859
2305,Dublin City,EOIN BAISDE B SOIS,SEAFIELD RD  CLONTARF  DUBLIN 3,19006Q,01 8336539,336,Boys,Ordinary School,CATHOLIC,DUBLIN,"CLONTARF,ST ANTHONY'S",320044.822,236315.231
2306,Dublin City,EOIN BAISDE C NAOIDH,SEAFIELD ROAD  CLONTARF  DUBLIN 3,19007S,01 8332459,257,Girls,Ordinary School,CATHOLIC,DUBLIN,"CLONTARF,ST JOHN'S",319916.252,236313.585
2309,Dublin City,ST JOSEPHS G N S,BARRY AVENUE  FINGLAS WEST  DUBLIN 11,19015R,01 8342433,205,Girls,Ordinary School,CATHOLIC,DUBLIN,FINGLAS WEST,312514.515,239735.631
2312,Dublin City,ST MONICAS N S,EDENMORE  RAHENY  DUBLIN 5,19037E,01 8480630,85,Girls,Ordinary School,CATHOLIC,DUBLIN,EDENMORE,321083.393,239221.917
2314,Dun Laoghaire - Rathdown,LORETO NATIONAL SCHOOL,DALKEY  CO DUBLIN,19066L,01 2802128,314,Senior Girls/Infant Mixed,Ordinary School,CATHOLIC,DUBLIN,DALKEY,326689.091,227210.821
2316,Dublin Belgard/South,ST PATRICK GNS,BALLYROAN  RATHFARNHAM  DUBLIN 16,19114T,01 4946566,431,Senior Girls/Infant Mixed,Ordinary School,CATHOLIC,DUBLIN,BALLYROAN,313414.382,227547.415
2317,Dublin Belgard/South,ST PETERS B N S,LIMEKILN RD  GREENHILLS  DUBLIN 12,19158Q,01 4506230,219,Boys,Ordinary School,CATHOLIC,DUBLIN,GREENHILLS,311483.297,229583.876
2318,Dublin Belgard/South,ST PAULS G N S,GREENHILLS  KIMMAGE WEST  DUBLIN 12,19159S,01 4506019,296,Girls,Ordinary School,CATHOLIC,DUBLIN,GREENHILLS,311483.297,229583.876
2321,Dublin Belgard/South,ST PIUS X N S BOYS,FORTFIELD PARK  TERENURE  DUBLIN 6,19177U,01 4903057,505,Boys,Ordinary School,CATHOLIC,DUBLIN,TEMPLEOGUE,313018.851,229365.236
2322,Dublin Belgard/South,ST PIUS X G N S,FORTFIELD PARK  TERENURE  DUBLIN 6,19178W,01 4901052,487,Girls,Ordinary School,CATHOLIC,DUBLIN,TEMPLEOGUE,313018.851,229365.236
2323,Dublin City,ST KEVINS B N S,BARRY AVENUE  FINGLAS NORTH-WEST  DUBLIN 11,19197D,01 8343061,174,Boys,Ordinary School,CATHOLIC,DUBLIN,FINGLAS WEST,312480.062,239641.850
2327,Dublin City,HOLY SPIRIT B N S,SILLOGE RD  BAILE MUNNA  ATHA CLIATH 11,19208F,01 8421230,398,Boys,Ordinary School,CATHOLIC,DUBLIN,SILLOGE,315137.000,239790.000
2329,Dublin Belgard/South,SCOIL NAOMH IDE,CLONDALKIN  DUBLIN 22,19220S,01 4592766,282,Senior Girls/Infant Mixed,Ordinary School,CATHOLIC,DUBLIN,CLONDALKIN,307187.150,230880.786
2330,Dublin Belgard/South,SCOIL NAOMH AINE,CLONDALKIN  DUBLIN 22,19221U,01 4591645,264,Senior Girls/Infant Mixed,Ordinary School,CATHOLIC,DUBLIN,CLONDALKIN,307197.374,230827.747
2338,Dublin City,OUR LADY OF VICTORIES INFANT N S,BALLYMUN ROAD  DUBLIN 9,19242F,01 8372372,227,Mixed,Ordinary School,CATHOLIC,DUBLIN,BALLYMUN,315376.000,238991.000
2348,Dun Laoghaire - Rathdown,SCOIL PADRAIG NAOFA B,HOLLYPARK  FOXROCK  DUBLIN 18,19258U,01 2896042,702,Boys,Ordinary School,CATHOLIC,DUBLIN,FOXROCK,321781.596,227067.330
2349,Dun Laoghaire - Rathdown,ST PATRICKS GNS,FOXROCK AVE  FOXROCK  DUBLIN 18,19259W,01 2893293,470,Girls,Ordinary School,CATHOLIC,DUBLIN,FOXROCK,321747.600,227004.190
2364,Dublin City,CROMCASTLE GREEN B N S,KILMORE RD WEST  ARTANE  DUBLIN 5,19297H,01 8476709,270,Boys,Ordinary School,CATHOLIC,DUBLIN,KILMORE ROAD WEST,318460.676,239785.112
2365,Dublin City,SCOIL NAIS IDE CAILINI,KILMORE ROAD WEST  ARTANE  DUBLIN 5,19298J,01 8476048,199,Girls,Ordinary School,CATHOLIC,DUBLIN,KILMORE ROAD WEST,321339.763,237985.589
2367,Dublin City,SN NA MAIGHDINE MUIRE B,BALLYMUN  DUBLIN 9,19302U,01 8421314,165,Boys,Ordinary School,CATHOLIC,DUBLIN,BALLYMUN,315747.180,239782.388
2368,Dublin City,NA MAIGHDINE MHUIRE,VIRGIN MARY  GIRLS NATIONAL SCHOOL  BALLYMUN  DUBLIN 9,19303W,01 8421614,174,Girls,Ordinary School,CATHOLIC,DUBLIN,BALLYMUN,315747.180,239782.388
2372,Dublin City,ST BRIGIDS BOYS N S,HOWTH ROAD  KILLESTER  DUBLIN 5,19308J,01 8336149,382,Boys,Ordinary School,CATHOLIC,DUBLIN,KILLESTER,320151.194,237561.517
2373,Dublin City,SCOIL NEASAIN,BAILE HARMAIN  BAILE ATH CLIATH 5,19309L,01 8316338,247,Mixed,All Irish School,CATHOLIC,DUBLIN,ARTANE,320063.000,238374.000
2376,Dun Laoghaire - Rathdown,SCOIL NA MAIGHDINE MHUIRE BOY,BROADFORD RISE  BALINTEER  DUBLIN 16,19314E,01 4946647,150,Boys,Ordinary School,CATHOLIC,DUBLIN,BALLINTEER,316257.625,226354.016
2378,Dun Laoghaire - Rathdown,ST OLAFS N S,BALALLY DRIVE  DUNDRUM  DUBLIN 16,19319O,01 2956513,353,Mixed,Ordinary School,CATHOLIC,DUBLIN,BALALLY,321747.600,227004.190
2379,Dun Laoghaire - Rathdown,OUR LADY OF GOOD COUNSEL BOYS N S,JOHNSTOWN  DUN LAOGHAIRE  CO DUBLIN,19320W,01 2851449,421,Boys,Ordinary School,CATHOLIC,DUBLIN,JOHNSTOWN,324248.542,225394.771
2380,Dun Laoghaire - Rathdown,OUR LADY GOOD COUNSEL GNS,JOHNSTOWN  DUN LAOGHAIRE  CO DUBLIN,19321B,01 2853775,434,Girls,Ordinary School,CATHOLIC,DUBLIN,JOHNSTOWN,324228.045,225315.950
2388,Dun Laoghaire - Rathdown,SCOIL NA AINGEAL,NEWTOWNPARK AVE  BLACKROCK  CO DUBLIN,19335M,01 2833961,434,Mixed,Ordinary School,CATHOLIC,DUBLIN,NEWTOWNPARK,321979.510,228443.680
2415,Dun Laoghaire - Rathdown,GARRAN MHUIRE,GOATSTOWN  DUBLIN 14,19374W,01 2988694,325,Mixed,Ordinary School,CATHOLIC,DUBLIN,DUNDRUM,318567.386,228443.721
2423,Dublin Belgard/South,ST MARKS SEN NS,SPRINGFIELD  TALLAGHT  DUBLIN 24,19390U,01 4513138,437,Mixed,Ordinary School,CATHOLIC,DUBLIN,SPRINGFIELD,307602.491,227494.028
2425,Dublin Fingal,MHUIRE IOSEF JUNIOR,VERBENA ESTATE  DUBLIN 13,19393D,01 8326524,445,Mixed,Ordinary School,CATHOLIC,DUBLIN,BAYSIDE,323321.692,239285.264
2427,Dublin City,SCOIL MOBHI,BOTHAR MOBHI  GLASNAOIN  BAILE ATHA CLIATH 9,19395H,01 8379591,263,Mixed,All Irish School,CATHOLIC,DUBLIN,GLASNEVIN,315643.294,237299.095
2428,Dun Laoghaire - Rathdown,NA MAIGHDINE MUIRE GIRL,BALLINTEER  DUBLIN 16,19396J,01 4944052,153,Girls,Ordinary School,CATHOLIC,DUBLIN,BALLINTEER,316255.706,226377.546
2429,Dun Laoghaire - Rathdown,SN GLEN NA GCAORACH,WYVERN  KILLINEY RD  KILLINEY  CO DUBLIN,19400U,01 2856011,255,Mixed,Ordinary School,CHURCH OF IRELAND,DUBLIN & GLENDALOUGH,,325760.370,225972.426
2433,Dublin City,HOLY TRINITY SEN N S,GRANGE ROAD  DONAGHMEDE  DUBLIN 13,19406J,01 8474695,248,Mixed,Ordinary School,CATHOLIC,DUBLIN,DONAGHMEDE,322402.603,240120.698
2448,Dublin City,SCOIL AN TSEACHTAR LAOCH,BALLYMUN ROAD  DUBLIN 11,19430G,01 8425725,206,Mixed,All Irish School,CATHOLIC,DUBLIN,BALLYMUN,315484.939,239434.031
2449,Dublin City,ST JOSEPHS JNR,BALCURRIS  BALLYMUN  DUBLIN 11,19431I,01 8421801,160,Mixed,Ordinary School,CATHOLIC,DUBLIN,BALCURRIS,315088.000,240365.000
2452,Dublin Fingal,ST FRANCIS XAVIER J N S,ROSELAWN ROAD  CASTLEKNOCK  DUBLIN 15,19435Q,01 8210892,371,Mixed,Ordinary School,CATHOLIC,DUBLIN,BLANCHARDSTOWN,307631.704,238132.538
2454,Dun Laoghaire - Rathdown,SCOIL NAITHI,BAILE AN TSAOIR  DUM DROMA  BAILE ATHA CLIATH 16,19437U,01 2981931,237,Mixed,All Irish School,CATHOLIC,DUBLIN,MEADOWBROOK,316002.000,227155.000
2455,Dun Laoghaire - Rathdown,SCOIL COLMCILLE SENIOR,WYATTVILLE  BALLYBRACK  CO DUBLIN,19438W,01 2855527,174,Mixed,Ordinary School,CATHOLIC,DUBLIN,BALLYBRACK,324539.872,224254.565
2458,Dublin Belgard/South,SCOIL MHUIRE BOYS,GRANGE ROAD  RATHFARNHAM  DUBLIN 14,19446V,01 4931477,434,Boys,Ordinary School,CATHOLIC,DUBLIN,RATHFARNHAM,314477.395,228514.660
2462,Dublin City,DARNDALE NS JUNIOR,OUR LADY IMMAC JUN NS  DARNDALE  MALAHIDE ROAD  DUBLIN 17,19454U,01 8476643,261,Mixed,Ordinary School,CATHOLIC,DUBLIN,DARNDALE,320206.744,240517.361
2463,Dublin Fingal,ST CRONAN,BRACKENSTOWN  SWORDS  CO. DUBLIN,19456B,01 8402194,618,Mixed,Ordinary School,CATHOLIC,DUBLIN,BRACKENSTOWN,317188.235,246872.955
2467,Dublin Belgard/South,NAOMH MAOLRUAIN,OLD BAWN  TALLAGHT  DUBLIN 24,19462T,01 4513967,352,Mixed,Ordinary School,CATHOLIC,DUBLIN,"TALLAGHT,ST MARY'S",309273.356,226500.562
2468,Dublin Belgard/South,NAOMH MAOLRUAIN SENIOR,OLD BAWN  TALLAGHT  DUBLIN 24,19463V,01 4510706,300,Mixed,Ordinary School,CATHOLIC,DUBLIN,"TALLAGHT,ST MARY'S",309273.356,226500.562
2469,Dublin Belgard/South,SN NAOMH COLMCILLE,HOMELAWNS  TALLAGHT  DUBLIN 24,19464A,01 4512011,36,Mixed,Ordinary School,CATHOLIC,DUBLIN,"TALLAGHT,DODDER",309597.594,227412.359
2470,Dublin Belgard/South,ST KEVINS BOYS,KILNAMANAGH  TALLAGHT  DUBLIN 24,19465C,01 4517925,251,Boys,Ordinary School,CATHOLIC,DUBLIN,KILNAMANAGH,309473.936,229120.092
2471,Dublin Belgard/South,ST KEVINS GIRLS,KILNAMANAGH  TALLAGHT  DUBLIN 24,19466E,01 4517981,215,Girls,Ordinary School,CATHOLIC,DUBLIN,KILNAMANAGH,309473.936,229120.092
2475,Dublin Fingal,ST FRANCIS XAVIER SENIOR N S,COOLMINE  CASTLEKNOCK  DUBLIN 15,19470S,01 8211121,429,Mixed,Ordinary School,CATHOLIC,DUBLIN,BLANCHARDSTOWN,307630.413,238215.605
2476,Dublin City,ST PAULS JUNIOR NATIONAL SCHOOL,AYRFIELD  MALAHIDE RD  DUBLIN 13,19471U,01 8470479,236,Mixed,Ordinary School,CATHOLIC,DUBLIN,AYRFIELD,320878.118,239824.452
2477,Dublin Belgard/South,ST MARKS JUNIOR N S,SPRINGFIELD  TALLAGHT  DUBLIN 24,19472W,01 4512076,545,Mixed,Ordinary School,CATHOLIC,DUBLIN,SPRINGFIELD,307602.491,227494.028
2478,Dublin City,SCOIL BHRIDE,DONAGHMEDE  DUBLIN 13,19473B,01 8470014,336,Mixed,Ordinary School,CATHOLIC,DUBLIN,DONAGHMEDE,322369.704,240109.462
2479,Dublin Belgard/South,SCOIL COLMCILLE NAOFA,KNOCKLYON  TEMPLEOGUE  DUBLIN 16,19474D,01 4947422,702,Mixed,Ordinary School,CATHOLIC,DUBLIN,KNOCKLYON,312319.612,227330.486
2485,Dublin City,ST PATRICKS,ST PATRICKS CLOSE  DUBLIN 8,19480V,01 4540588,18,Mixed,Ordinary School,CHURCH OF IRELAND,DUBLIN & GLENDALOUGH,,315134.899,233472.627
2490,Dublin City,SN NAOMH FINNIN,GLENTIES PARK  RIVERMOUNT  FINGLAS SOUTH  DUBLIN 11,19489Q,01 8341130,221,Mixed,Ordinary School,CATHOLIC,DUBLIN,RIVERMOUNT,312370.000,238017.000
2491,Dublin Belgard/South,SCOIL MHUIRE,BALLYBODEN  DUBLIN 16,19490B,01 4931967,222,Mixed,Ordinary School,CATHOLIC,DUBLIN,BALLYBODEN,314159.053,226711.379
2494,Dublin Belgard/South,BISHOP GALVIN NS,ORWELL PARK  TEMPLEOGUE  DUBLIN 16,19494J,01 4566652,438,Mixed,Ordinary School,CATHOLIC,DUBLIN,WILLINGTON,312151.708,228821.329
2496,Dublin City,SCOIL FHIACHRA SOISIR,BEAUMONT  DUBLIN 5,19496N,01 8472367,647,Mixed,Ordinary School,CATHOLIC,DUBLIN,BEAUMONT,318037.773,238889.982
2497,Dun Laoghaire - Rathdown,SCOIL MHUIRE,SHANKILL  CO DUBLIN,19497P,01 2823507,306,Mixed,Ordinary School,CATHOLIC,DUBLIN,SHANKILL,325449.322,222264.166
2499,Dublin Belgard/South,SCOIL AENGHUSA JUN NS,BALROTHERY  TALLAGHT  DUBLIN 24,19502F,01 4513912,185,Mixed,Ordinary School,CATHOLIC,DUBLIN,"TALLAGHT,TYMON NORTH",310381.667,228221.251
2500,Dublin Belgard/South,SCOIL CHRONAIN,SRAID MOR  RATH CUIL  CO ATHA CLIATH,19503H,01 4588889,221,Mixed,All Irish School,CATHOLIC,DUBLIN,SAGGART,302250.187,226785.567
2501,Dublin Fingal,SN OILIBHEIR,BAILE AN BHLACAIGH  CLUAIN SAILEACH  BAILE ATHA CLIATH 15,19505L,01 8215277,230,Mixed,All Irish School,CATHOLIC,DUBLIN,BLANCHARDSTOWN,306651.094,238638.563
2505,Dublin Belgard/South,SCOIL NANO NAGLE,BAWNOGE  CLONDALKIN  DUBLIN 22,19509T,01 4571306,316,Mixed,Ordinary School,CATHOLIC,DUBLIN,BAWNOGE,305764.000,231804.000
2506,Dublin Belgard/South,TALBOT SENIOR NS,BAWNOGE  CLONDALKIN  DUBLIN 22,19510E,01 4571226,301,Mixed,Ordinary School,CATHOLIC,DUBLIN,BAWNOGE,305781.332,231796.313
2509,Dublin Fingal,SN NAOMH TREASA,BAILE BRIGIN  CO ATH CLIATH,19515O,01 8416270,450,Mixed,Ordinary School,CATHOLIC,DUBLIN,BALBRIGGAN,320922.466,263053.366
2512,Dublin City,OUR LADY IMMAC SEN N S,OUR LADY IMMAC SEN NS  DARNDALE  DUBLIN 17,19524P,01 8470749,272,Mixed,Ordinary School,CATHOLIC,DUBLIN,DARNDALE,320208.403,240568.791
2518,Dublin Fingal,S N MUIRE AGUS IOSEF,BAYSIDE  SUTTON  DUBLIN 13,19533Q,01 8393682,442,Mixed,Ordinary School,CATHOLIC,DUBLIN,BAYSIDE,323321.692,239285.264
2520,Dublin Fingal,BRACKENSTOWN SENIOR N S,BRACKENSTOWN  SWORDS  CO DUBLIN,19535U,01 8403488,630,Mixed,Ordinary School,CATHOLIC,DUBLIN,BRACKENSTOWN,317188.235,246872.955
2522,Dun Laoghaire - Rathdown,ST ATTRACTAS JUNIOR N S,MEADOWBROOK  DUNDRUM  DUBLIN 16,19537B,01 2984352,351,Mixed,Ordinary School,CATHOLIC,DUBLIN,MEADOWBROOK,316353.000,227012.000
2523,Dublin City,ST KEVINS JUNIOR N S,NEWBROOK AVE  DONAGHMEDE  DUBLIN 13,19538D,01 8475969,121,Mixed,Ordinary School,CATHOLIC,DUBLIN,DONAGHMEDE,322589.275,240046.564
2525,Dublin Belgard/South,BELGARD HEIGHTS N S,SCOIL ARD MHUIRE  BELGARD HEIGHTS  TALLAGHT  DUBLIN 24,19541P,01 4517134,230,Mixed,Ordinary School,CATHOLIC,DUBLIN,SPRINGFIELD,307679.278,228749.787
2527,Dublin Fingal,CORDUFF N S,CORDUFF  BLANCHARDSTOWN  DUBLIN 15,19545A,01 8211546,337,Mixed,Ordinary School,CATHOLIC,DUBLIN,CORDUFF,308078.615,239946.201
2528,Dublin City,ST OLIVER PLUNKETT N S,ST OLIVER PLUNKETT NS  ST HELENAS DRIVE  FINGLAS  DUBLIN 11,19546C,01 8344678,151,Mixed,Ordinary School,CATHOLIC,DUBLIN,RIVERMOUNT,313187.000,238175.000
2529,Dublin Fingal,ST FINTANS NS,ST FINTAN N S  CARRICKBRACK RD  SUTTON  DUBLIN 13,19549I,01 8391067,391,Mixed,Ordinary School,CATHOLIC,DUBLIN,SUTTON,326806.372,238354.638
2534,Dublin Belgard/South,ST KILLIANS JUNIOR SCHOOL,CASTLEVIEW  TALLAGHT  DUBLIN 24,19556F,01 4521009,251,Mixed,Ordinary School,CATHOLIC,DUBLIN,CASTLEVIEW,308738.027,229724.341
2537,Dublin Belgard/South,SCOIL TREASA FIRHOUSE,SCOIL TREASA BALLYCULLEN AVE  FIRHOUSE  DUBLIN 24,19565G,01 4513141,413,Mixed,Ordinary School,CATHOLIC,DUBLIN,FIRHOUSE,310837.917,226868.119
2538,Dublin Belgard/South,OUR LADY QUEEN OF APOSTLES,QUEEN OF APOSTLES NS  CLONBURRIS  CLONDALKIN  DUBLIN 22,19566I,01 4573636,501,Mixed,Ordinary School,CATHOLIC,DUBLIN,CLONDALKIN,306572.577,231873.195
2540,Dublin Belgard/South,NEILLSTOWN N S,ST PETER APOSTLE NS  NEILLSTOWN  CLONDALKIN  DUBLIN 22,19569O,01 4572811,297,Mixed,Ordinary School,CATHOLIC,DUBLIN,NEILSTOWN,306569.527,233017.920
2542,Dublin Belgard/South,MARLEY GRANGE NS,DIVINE WORD NS  MARLEY GRANGE  RATHFARNHAM  DUBLIN 16,19574H,01 4945955,452,Mixed,Ordinary School,CATHOLIC,DUBLIN,MARLEY GRANGE,315215.091,227336.930
2543,Dublin Belgard/South,ST MARYS JUNIOR N S,ROWLAGH  CLONDALKIN  DUBLIN 22,19575J,01 6263266,230,Mixed,Ordinary School,CATHOLIC,DUBLIN,ROWLAGH,306937.620,233745.347
2544,Dublin Belgard/South,S N AENGHUSA,SCOIL N AENGHUSA SIN  BALROTHERY  TALLAGHT  DUBLIN 24,19576L,01 4518984,129,Mixed,Ordinary School,CATHOLIC,DUBLIN,"TALLAGHT,TYMON NORTH",310381.667,228221.251
2545,Dublin Belgard/South,SCOIL IOSA,SCOIL NAIS IOSA  TYMON NORTH  TALLAGHT  DUBLIN 24,19577N,01 4520800,75,Mixed,Ordinary School,CATHOLIC,DUBLIN,"TALLAGHT,TYMON NORTH",310240.534,228864.478
2546,Dublin Fingal,ST HELENS JUNIOR N S,ST HELENS JUNIOR N S  MARTELLO  PORTMARNOCK  CO DUBLIN,19578P,01 8461763,235,Mixed,Ordinary School,CATHOLIC,DUBLIN,PORTMARNOCK,323914.531,244716.844
2547,Dublin Belgard/South,ST MAELRUAINS  N S,KILCLARE AVENUE  JOBSTOWN  TALLAGHT  DUBLIN 24,19582G,01 4527933,74,Mixed,Ordinary School,CHURCH OF IRELAND,DUBLIN & GLENDALOUGH,,307290.580,226972.844
2548,Dublin City,ST JOSEPHS SENIOR N S,ST JOSEPHS SENIOR NS  BALCURRIS  BALLYMUN  DUBLIN 11,19583I,01 8422600,202,Mixed,Ordinary School,CATHOLIC,DUBLIN,BALCURRIS,314989.000,240391.000
2551,Dublin City,GAELSCOIL INSE CHOR,700-701 AN CUARBHOTHAR THEAS  DROICHEAD NA HINSE  BAILE ATHA CLIATH 8,19589U,01 6796748,211,Mixed,All Irish School,CATHOLIC,DUBLIN,"INCHICORE,ST MICHAEL'S",312484.536,233948.169
2557,Dublin Fingal,ST PHILIP THE APOSTLE JUNIOR N S,MOUNTVIEW  BLANCHARDSTOWN  DUBLIN 15,19601H,01 8212992,285,Mixed,Ordinary School,CATHOLIC,DUBLIN,MOUNTVIEW,306046.644,238905.630
2559,Dublin Fingal,SCOIL NAIS MHUIRE SOIS,BLAKESTOWN  MULHUDDART  DUBLIN 15,19605P,01 8216916,297,Mixed,Ordinary School,CATHOLIC,DUBLIN,BLAKESTOWN,306414.516,239764.854
2562,Dublin City,SCOIL NAOMH COLMCILLE,NEWBROOK RD  DONAGHMEDE  DUBLIN 13,19611K,01 8477300,123,Mixed,Ordinary School,CATHOLIC,DUBLIN,DONAGHMEDE,322501.805,240068.341
2563,Dun Laoghaire - Rathdown,DALKEY SCHOOL PROJECT,GLENAGEARY LODGE  GLENAGEARY  CO DUBLIN,19612M,01 2857199,235,Mixed,Ordinary School,MULTI DENOMINATIONAL,,,324594.000,226535.000
2564,Dublin Belgard/South,SCOIL CNOC MHUIRE SIN,KNOCKMORE AVE  KILLINARDEN  TALLAGHT  DUBLIN 24,19613O,01 4512347,151,Mixed,Ordinary School,CATHOLIC,DUBLIN,KILLINARDEN,307327.193,226231.956
2567,Dublin Belgard/South,ST MARTIN DE PORRES N S,AYLESBURY  OLD BAWN  TALLAGHT  DUBLIN 24,19617W,01 4511319,322,Mixed,Ordinary School,CATHOLIC,DUBLIN,"TALLAGHT,ST MARY'S",308685.000,226179.000
2568,Dublin City,ST PAULS SEN NS,AYRFIELD  MALAHIDE RD  DUBLIN 13,19618B,01 8472810,224,Mixed,Ordinary School,CATHOLIC,DUBLIN,AYRFIELD,320878.000,239824.000
2569,Dublin Belgard/South,ST PAULS JUN NS,GREENHILLS  WALKINSTOWN  DUBLIN 12,19623R,01 4569173,301,Girls,Ordinary School,CATHOLIC,DUBLIN,GREENHILLS,311473.406,230007.096
2570,Dublin Fingal,SCOIL NAIS CAITRIONA,KENURE  RUSH  CO DUBLIN,19624T,01 8438266,268,Mixed,Ordinary School,CATHOLIC,DUBLIN,RUSH,326073.563,255556.625
2571,Dublin Fingal,S N REALT NA MARA,THOMAS HAND ST  SKERRIES  CO DUBLIN,19625V,01 8490049,411,Mixed,Ordinary School,CATHOLIC,DUBLIN,SKERRIES,324519.875,260559.125
2573,Dublin Fingal,JOHN PAUL II N S,SONESTA  MALAHIDE  CO DUBLIN,19627C,01 8450736,561,Mixed,Ordinary School,CATHOLIC,DUBLIN,MALAHIDE,321669.964,246424.176
2574,Dublin City,ST FIACHRAS SEN N S,BEAUMONT  MONTROSE  DUBLIN 5,19628E,01 8477762,658,Mixed,Ordinary School,CATHOLIC,DUBLIN,BEAUMONT,318037.773,238889.982
2580,Dublin Fingal,ST PATRICKS SENIOR SCHOOL,CORDUFF  BLANCHARDSTOWN  DUBLIN 15,19636D,01 8216563,261,Mixed,Ordinary School,CATHOLIC,DUBLIN,DOMINICK STREET,308005.929,239953.551
2584,Dun Laoghaire - Rathdown,ST COLMCILLE JUN NS,WYATTVILLE  BALLYBRACK  CO DUBLIN,19641T,01 2848899,174,Mixed,Ordinary School,CATHOLIC,DUBLIN,BALLYBRACK,324539.872,224254.565
2585,Dublin Belgard/South,ST PETER APOSTLE SEN NS,NEILLSTOWN  CLONDALKIN  DUBLIN 22,19642V,01 4572799,277,Mixed,Ordinary School,CATHOLIC,DUBLIN,NEILSTOWN,306569.527,233017.920
2586,Dublin Fingal,ST PHILIPS  SENIOR N S,MOUNTVIEW  CLONSILLA  DUBLIN 15,19643A,01 8216101,305,Mixed,Ordinary School,CATHOLIC,DUBLIN,MOUNTVIEW,306046.644,238905.630
2587,Dublin Fingal,ST CIARANS N S,HARTSTOWN  DUBLIN 15,19644C,01 8212233,741,Mixed,Ordinary School,CATHOLIC,DUBLIN,HARTSTOWN,305107.833,239316.837
2589,Dublin Belgard/South,SCOIL SANTAIN,BOTHAR NA HABHANN MOR  TAMHLACHT  ATH CLIATH 24,19646G,01 4597613,308,Mixed,All Irish School,CATHOLIC,DUBLIN,"TALLAGHT,DODDER",310262.763,227227.264
2590,Dublin Belgard/South,ST MARYS SEN N S,ROWLAGH  CLONDALKIN  DUBLIN 22,19647I,01 6262563,271,Mixed,Ordinary School,CATHOLIC,DUBLIN,ROWLAGH,306861.413,233690.289
2595,Dublin Belgard/South,BISHOP SHANAHAN NS,ORWELL PARK  TEMPLEOGUE  DUBLIN 16,19658N,01 4508449,418,Mixed,Ordinary School,CATHOLIC,DUBLIN,WILLINGTON,312165.395,228861.842
2597,Dublin Fingal,RUSH NS,RUSH  CO DUBLIN,19660A,01 8437095,679,Mixed,Ordinary School,CATHOLIC,DUBLIN,RUSH,325780.370,253949.981
2598,Dublin City,ST GABRIELS NS,DOMINICAN CAMPUS  BALLYFERMOT  DUBLIN 10,19661C,01 6265958,268,Senior Girls/Infant Mixed,Ordinary School,CATHOLIC,DUBLIN,BALLYFERMOT,310124.735,233773.879
2599,Dublin City,ST MICHAELS NS,DOMINICAN CONVENT  BALLYFERMOT  DUBLIN 10,19662E,01 6263556,312,Senior Girls/Infant Mixed,Ordinary School,CATHOLIC,DUBLIN,BALLYFERMOT,310073.502,233817.803
2600,Dublin City,ST RAPHAELS NS,DOMINICAN CONVENT  BALLYFERMOT  DUBLIN 10,19663G,01 6265953,256,Senior Girls/Infant Mixed,Ordinary School,CATHOLIC,DUBLIN,BALLYFERMOT,310096.625,233797.266
2602,Dublin City,ST FRANCIS SENIOR N S,PRIORSWOOD  DUBLIN 17,19668Q,01 8470656,207,Mixed,Ordinary School,CATHOLIC,DUBLIN,PRIORSWOOD,319371.379,240773.278
2603,Dublin City,LADY OF GOOD COUNSEL NS,MOURNE RD  DRIMNAGH  DUBLIN 12,19669S,01 4551672,170,Boys,Ordinary School,CATHOLIC,DUBLIN,MOURNE ROAD,312147.873,232373.847
2608,Dublin Belgard/South,SCOIL AINE NAOFA,ESKER  LUCAN  CO DUBLIN,19676P,01 6281972,477,Mixed,Ordinary School,CATHOLIC,DUBLIN,ESKER-DODDSBORO,303364.130,234303.754
2619,Dublin Fingal,MARY QUEEN OF IRELAND N S,TOBERBURR  CO DUBLIN,19693P,01 8404629,73,Mixed,Ordinary School,CATHOLIC,DUBLIN,FINGLAS,313479.656,246056.828
2620,Dublin Fingal,SCOIL MHUIRE SIN,BLAKESTOWN  MULHUDDART  DUBLIN 15,19694R,01 8212288,268,Mixed,Ordinary School,CATHOLIC,DUBLIN,BLAKESTOWN,306414.516,239764.854
2624,Dublin Belgard/South,ST THOMAS JUNIOR N S,JOBSTOWN  TALLAGHT  DUBLIN 24,19702N,01 4525855,437,Mixed,Ordinary School,CATHOLIC,DUBLIN,JOBSTOWN,306480.874,226547.847
2626,Dublin Belgard/South,ST RONANS N S,DEANSRATH  CLONDALKIN  DUBLIN 22,19707A,01 4573653,455,Mixed,Ordinary School,CATHOLIC,DUBLIN,DEANSRATH,304913.424,231460.759
2631,Dun Laoghaire - Rathdown,QUEEN OF ANGELS PRIMARY SCHOOL,WEDGEWOOD  DUNDRUM  DUBLIN 16,19723V,01 2955483,329,Mixed,Ordinary School,CATHOLIC,DUBLIN,BALALLY,318385.000,226551.000
2634,Dublin City,ST MARYS CENTRAL N S,BELMONT AVENUE  DONNYBROOK  DUBLIN 4,19727G,01 2692578,251,Mixed,Ordinary School,CATHOLIC,DUBLIN,DONNYBROOK,317403.027,231508.697
2643,Dublin Belgard/South,ST COLMCILLE SENIOR N S,KNOCKLYON  DUBLIN 16,19742C,01 4942527,732,Mixed,Ordinary School,CATHOLIC,DUBLIN,KNOCKLYON,312319.612,227330.486
2644,Dublin Belgard/South,ST BERNADETTES JUNIOR N S,QUARRYVALE  CLONDALKIN  DUBLIN 22,19743E,01 6263188,259,Mixed,Ordinary School,CATHOLIC,DUBLIN,ROWLAGH,306740.000,234439.000
2652,Dublin Fingal,SACRED HEART N S,HUNTSTOWN  MULHUDDART  DUBLIN 15,19755L,01 8216400,972,Mixed,Ordinary School,CATHOLIC,DUBLIN,HUNTSTOWN,305798.376,240310.135
2655,Dublin Fingal,ST HELENS SENIOR N S,MARTELLO  PORTMARNOCK  CO DUBLIN,19762I,01 8461808,273,Mixed,Ordinary School,CATHOLIC,DUBLIN,PORTMARNOCK,323938.875,244719.453
2656,Dublin City,OUR LADY OF WAYSIDE N S,BLUEBELL  INCHICORE  DUBLIN 12,19764M,01 4501030,113,Mixed,Ordinary School,CATHOLIC,DUBLIN,BLUEBELL,310782.000,232489.000
2657,Dublin Belgard/South,ST THOMAS SENIOR N S,JOBSTOWN  TALLAGHT  DUBLIN 24,19765O,01 4526555,384,Mixed,Ordinary School,CATHOLIC,DUBLIN,JOBSTOWN,306559.689,226556.275
2658,Dublin City,SCOIL IOSAGAIN/MHUIRE,MOUNT LA SALLE  BALLYFERMOT  DUBLIN 10,19766Q,01 6267527,180,Boys,Ordinary School,CATHOLIC,DUBLIN,BALLYFERMOT,310324.310,233744.940
2659,Dublin City,SCOIL MHUIRE/SEOSAMH,MOUNT LA SALLE  BALLYFERMOT  DUBLIN 10,19767S,01 6267527,179,Boys,Ordinary School,CATHOLIC,DUBLIN,ARKLOW,310460.380,233699.820
2663,Dublin City,ST JOSEPHS MXD N S,EAST WALL  DUBLIN 3,19774P,01 8556284,189,Mixed,Ordinary School,CATHOLIC,DUBLIN,EAST WALL,317986.298,235235.236
2664,Dublin Belgard/South,SCOIL CNOC MHUIRE JUNIOR,KNOCKMORE AVE  KILLINARDEN  TALLAGHT  DUBLIN 24,19775R,01 4525266,166,Mixed,Ordinary School,CATHOLIC,DUBLIN,KILLINARDEN,307327.193,226231.956
2666,Dublin City,GAELSCOIL MIDE,BOTHAR AN GHLEANTAIN  GHLAIS CILL BHARROG  BAILE ATHA CLIATH 5,19777V,01 8393968,223,Mixed,All Irish School,CATHOLIC,DUBLIN,DONAGHMEDE,322971.505,238804.883
2669,Dublin Belgard/South,ST BRIGIDS N S,BROOKFIELD  TALLAGHT  DUBLIN 24,19782O,01 4514700,339,Mixed,Ordinary School,CATHOLIC,DUBLIN,SPRINGFIELD,306467.875,227475.756
2671,Dublin Belgard/South,ST BERNADETTES SENIOR N S,QUARRYVALE  CLONDALKIN  DUBLIN 22,19785U,01 6267116,217,Mixed,Ordinary School,CATHOLIC,DUBLIN,ROWLAGH,306775.000,234524.000
2679,Dublin Belgard/South,SACRED HEART N S,SRULEEN  CLONDALKIN  DUBLIN 22,19799I,01 4572988,411,Mixed,Ordinary School,CATHOLIC,DUBLIN,SRULEEN,306542.459,230523.445
2691,Dublin Belgard/South,ST MARYS N S,WOODVIEW  ESKER  LUCAN  CO DUBLIN,19817H,01 6240203,354,Mixed,Ordinary School,CATHOLIC,DUBLIN,ESKER-DODDSBORO,302120.711,234487.000
2698,Dublin Belgard/South,ST AIDANS NS,BROOKFIELD  TALLAGHT  DUBLIN 24,19834H,01 4596016,319,Mixed,Ordinary School,CATHOLIC,DUBLIN,BROOKFIELD,306447.136,227390.419
2699,Dublin City,DRIMNAGH CASTLE CBS N S,DRIMNAGH CASTLE  DUBLIN 12,19837N,01 4552066,448,Boys,Ordinary School,CATHOLIC,DUBLIN,WALKINSTOWN,311265.000,231728.000
2702,Dun Laoghaire - Rathdown,HOLY FAMILY SCHOOL,DUNEDIN PARK  MONKSTOWN  CO DUBLIN,19840C,01 2809242,108,Mixed,Ordinary School,CATHOLIC,DUBLIN,BALLYMORE EUSTACE,323177.139,227786.441
2704,Dublin City,NORTH DUBLIN NS PROJECT,BALLYMUN ROAD  DUBLIN 9,19845M,01 8371620,221,Mixed,Ordinary School,MULTI DENOMINATIONAL,,,315282.000,238234.000
2714,Dublin Belgard/South,ARCHBISHOP RYAN J N S,BALGADDY  LUCAN  CO DUBLIN,19865S,01 4573095,564,Mixed,Ordinary School,CATHOLIC,DUBLIN,LUCAN,305570.896,233402.982
2717,Dublin Belgard/South,SCOIL CHAITLIN MAUDE,CNOC MHUIRE  TAMHLACHT  BAILE ATHA CLIATH 24,19872P,01 4596141,228,Mixed,All Irish School,CATHOLIC,DUBLIN,BROOKFIELD,307235.635,226267.409
2720,Dublin Belgard/South,HOLY ROSARY PRIMARY SCHOOL,OLD COURT AVENUE TALLAGHT DUBLIN 24,19878E,01 4521369,460,Mixed,Ordinary School,CATHOLIC,DUBLIN,BOHERNABREENA,310213.559,226011.053
2729,Dun Laoghaire - Rathdown,ST ANNES MXD N S,STONEBRIDGE ROAD  SHANKILL  CO DUBLIN,19888H,01 2825565,494,Mixed,Ordinary School,CATHOLIC,DUBLIN,SHANKILL,324981.279,222036.769
2730,Dublin City,SCOIL COLM,ARMAGH ROAD  CRUMLIN  DUBLIN 12,19889J,01 4562622,202,Boys,Ordinary School,CATHOLIC,DUBLIN,CRUMLIN,312837.291,231349.045
2733,Dublin Belgard/South,ST KILIANS SENIOR N S,CASTLEVIEW  TALLAGHT  DUBLIN 24,19893A,01 4510100,292,Mixed,Ordinary School,CATHOLIC,DUBLIN,CASTLEVIEW,308738.027,229724.341
2735,Dublin City,SCOIL MHUIR S IOSAF,ST MARYS PLACE  PLAS MHUIRE  OFF DORSET STREET  DUBLIN 7,19895E,01 8300841,101,Girls,Ordinary School,CATHOLIC,DUBLIN,BERKLEY ROAD,315421.999,235217.327
2736,Dublin City,SCOIL CAITRIONA NA MBRAITHRE,BAGGOT ST  DUBLIN 2,19896G,01 6766132,75,Mixed,Ordinary School,CATHOLIC,DUBLIN,WESTLAND ROW,316859.947,233217.539
2738,Dublin Fingal,GAELSCOIL AN DUINNINIGH,DRAIGHNEAN  FELTRIM SORD  CO BAILE ATHA CLIATH,19898K,01 8409640,212,Mixed,All Irish School,CATHOLIC,DUBLIN,MALAHIDE,319654.755,245568.287
2740,Dun Laoghaire - Rathdown,BOOTERSTOWN N S,CROSS AVE  BLACKROCK  CO DUBLIN,19901T,01 2885514,92,Mixed,Ordinary School,CHURCH OF IRELAND,DUBLIN,,320653.925,229304.840
2742,Dun Laoghaire - Rathdown,HOLY CROSS N S,UPPER KILMACUD ROAD  DUNDRUM  DUBLIN 14,19904C,01 2985493,248,Mixed,Ordinary School,CATHOLIC,DUBLIN,DUNDRUM,317329.244,227882.389
2745,Dublin City,GAELSCOIL MOLOGA,BOTHAR CHLAREVILLE  BAILE ATHA CLIATH 6W,19907I,01 4923888,229,Mixed,All Irish School,CATHOLIC,DUBLIN,TEMPLEOGUE,314319.125,231020.000
2751,Dublin City,ST JOSEPHS NS,MACROOM ROAD  BONNYBROOK  DUBLIN 17,19913D,01 8475616,370,Mixed,Ordinary School,CATHOLIC,DUBLIN,BONNYBROOK,319566.431,240142.338
2757,Dublin City,ST DAVIDS N S,KILMORE ROAD  ARTANE  DUBLIN 5,19919P,01 8487979,381,Boys,Ordinary School,CATHOLIC,DUBLIN,KILMORE ROAD WEST,318667.558,238749.701
2758,Dublin City,ST JOHN OF GOD N S,KILMORE ROAD  ARTANE  DUBLIN 5,19920A,01 8477193,236,Girls,Ordinary School,CATHOLIC,DUBLIN,KILMORE ROAD WEST,318652.000,239177.000
2760,Dun Laoghaire - Rathdown,OUR LADYS N S,ST COLUMBANUS ROAD  MILLTOWN  DUBLIN 14,19922E,01 2981989,68,Mixed,Ordinary School,CATHOLIC,DUBLIN,CLONSKEAGH,316722.764,229327.136
2762,Dublin City,HAROLDS CROSS N S,HAROLDS CROSS  DUBLIN 6W,19924I,01 4922321,207,Mixed,Ordinary School,CATHOLIC,DUBLIN,HAROLD'S CROSS,314292.698,231020.852
2764,Dublin City,GAELSCOIL CHOLAISTE MHUIRE,4 CEARNOG PHARNELL  B.A.C. 1,19926M,01 8729131,171,Mixed,All Irish School,CATHOLIC,DUBLIN,PRO-CATHEDRAL,315770.969,235090.078
2765,Dublin City,RANELAGH MULTI DENOM NS,RANELAGH ROAD  DUBLIN 6,19928Q,01 4961722,241,Mixed,Ordinary School,MULTI DENOMINATIONAL,,,316137.375,232116.000
2766,Dublin City,ST BRIGIDS SENIOR GIRLS,FINGLAS WEST  DUBLIN 11,19929S,01 8342416,221,Girls,Ordinary School,CATHOLIC,DUBLIN,FINGLAS WEST,312540.276,238681.623
2770,Dublin City,SCOIL TREASA NAOFA,PETRIE ROAD  DONORE AVENUE  DUBLIN 8,19933J,01 4541899,137,Mixed,Ordinary School,CATHOLIC,DUBLIN,DONORE AVENUE,314673.000,232934.000
2772,Dublin City,SCOIL EOIN,GREENDALE ROAD  DUBLIN 5,19935N,01 8323281,273,Mixed,Ordinary School,CATHOLIC,DUBLIN,KILBARRACK-FOXFIELD,322667.472,238984.332
2775,Dun Laoghaire - Rathdown,ST JOSEPHS,TIVOLI ROAD  DUN LAOGHAIRE  CO DUBLIN,19938T,01 2803504,160,Mixed,Ordinary School,CATHOLIC,DUBLIN,DUN LAOGHAIRE,324093.594,227849.938
2776,Dun Laoghaire - Rathdown,SCOIL NAISIUNTA AN DEA AOIRE,WHITEHALL ROAD  CHURCHTOWN  DUBLIN 14,19939V,01 2989475,240,Mixed,Ordinary School,CATHOLIC,DUBLIN,CHURCHTOWN,315441.138,228407.213
2777,Dublin Belgard/South,GAELSCOIL NAOMH PADRAIG,LEAMHCAN  CO BAILE ATHA CLIATH,19940G,01 6241355,284,Mixed,All Irish School,CATHOLIC,DUBLIN,PALMERSTOWN,304233.813,234493.453
2780,Dublin Belgard/South,ST DAMIENS NS,BEECHFIELD CLOSE  WALKINSTOWN  DUBLIN 12,19943M,01 4508932,242,Mixed,Ordinary School,CATHOLIC,DUBLIN,WALKINSTOWN,311932.968,230616.356
2782,Dun Laoghaire - Rathdown,RATHFARNHAM EDUCATE TOGETHER,LORETO AVENUE  RATHFARNHAM  DUBLIN 14,19945Q,01 4938677,223,Mixed,Ordinary School,MULTI DENOMINATIONAL,,,315072.215,228188.357
2783,Dublin City,RUTLAND STREET N S,LOWER RUTLAND STREET  DUBLIN 1,19946S,01 8747331,86,Mixed,Ordinary School,CATHOLIC,DUBLIN,SEAN MCDERMOTT STREET,316399.323,235196.453
2786,Dun Laoghaire - Rathdown,ISLAMIC NATIONAL SCHOOL,19 ROEBUCK ROAD  CLONSKEAGH  DUBLIN 14,19949B,01 2961340,275,Mixed,Ordinary School,MUSLIM,,,317762.877,229612.888
2787,Dublin Belgard/South,ST DOMINICS N S,TALLAGHT  DUBLIN 24,19950J,01 4512219,194,Mixed,Ordinary School,CATHOLIC,DUBLIN,"TALLAGHT,DODDER",309597.594,227412.359
2795,Dun Laoghaire - Rathdown,ST JOHNS N S,BALLYBRACK  CO DUBLIN,19960M,01 2855525,121,Mixed,Ordinary School,CATHOLIC,DUBLIN,BALLYBRACK,324965.356,224465.201
2812,Dun Laoghaire - Rathdown,ST KEVINS N S,SALLYNOGGIN  CO DUBLIN,19979K,01 2854309,135,Mixed,Ordinary School,CATHOLIC,DUBLIN,SALLYNOGGIN,324235.633,226718.591
2813,Dublin City,ST MARYS N S,WINDSOR AVE  FAIRVIEW  DUBLIN 3,19981U,01 8377551,233,Senior Girls/Infant Mixed,Ordinary School,CATHOLIC,DUBLIN,FAIRVIEW,317327.376,236306.941
2818,Dublin Fingal,ST MARYS NATIONAL SCHOOL,GRANGE ROAD  BALDOYLE  DUBLIN 13,19988L,01 8326782,236,Girls,Ordinary School,CATHOLIC,DUBLIN,BALDOYLE,323918.417,240235.463
2833,Dublin City,SCOIL PLAS MHUIRE,ST MARYS PLACE  DORSET STREET  DUBLIN 7,20005V,01 8300841,84,Boys,Ordinary School,CATHOLIC,DUBLIN,BERKLEY ROAD,315421.999,235217.327
2839,Dublin City,GRIFFITH BARRACKS MULTI D SCHOOL,THE OLD GUARDHOUSE  GRIFFITH COLLEGE  SOUTH CIRCULAR ROAD  DUBLIN 8,20012S,01 4547278,211,Mixed,Ordinary School,MULTI DENOMINATIONAL,,,314643.000,232558.000
2841,Dublin City,ST AGNES N S,ARMAGH ROAD  CRUMLIN  DUBLIN 12,20014W,01 4555127,344,Senior Girls/Infant Mixed,Ordinary School,CATHOLIC,DUBLIN,,312875.683,231290.560
2842,Dublin City,GAELSCOIL BHAILE MUNNA,187 BOTHAR CHOULTRAI  BAILE MUNNA  BAILE ATHA CLIATH 9,20015B,01 8622275,183,Mixed,All Irish School,CATHOLIC,AN FORAS,,316066.396,240047.137
2847,Dun Laoghaire - Rathdown,GAELSCOIL THAOBH NA COILLE,CILL TIARNAIN  B.A.C. 18,20020R,01 2950000,231,Mixed,All Irish School,CATHOLIC,AN FORAS,,320287.281,223135.719
2853,Dublin City,ST BRIGIDS INFANT N S,WELLMOUNT AVENUE  FINGLAS WEST  DUBLIN 11,20029M,01 8348770,227,Mixed,Ordinary School,CATHOLIC,,,312540.276,238681.623
2855,Dublin City,ST GABRIELS N S,COWPER STREET  DUBLIN 7,20035H,01 8384853,249,Mixed,Ordinary School,CATHOLIC,DUBLIN,,313868.000,235074.000
2861,Dublin Belgard/South,GAELSCOIL CHNOC LIAMHNA,HALLA NA NGASOGA  BOTHAR CNOC LIAMHNA  BAILE ATHA CLIATH 16,20043G,01 4939262,237,Mixed,All Irish School,CATHOLIC,AN FORAS,,311708.220,227245.089
2865,Dublin City,GAELSCOIL BHARRA,NAOMH FIONNBARRA C.L.G.  ASCAL AN FHASAIGH  AN CHABRACH  BAC 7,20047O,01 8684827,218,Mixed,All Irish School,CATHOLIC,AN FORAS,,313903.341,236371.178
2866,Dublin City,GAELSCOIL LIOS NA NOG,Scoil Mhucrois  Br. Marlborough    Baile Atha Cliath 4,20048Q,01 4969165,197,Mixed,All Irish School,CATHOLIC,AN FORAS,,316181.176,231567.895
2871,Dun Laoghaire - Rathdown,GAELSCOIL PHADRAIG,ASCAILL SHILEANN  BAILE BREAC  CO ATHA CLIATH,20056P,01 2827345,118,Mixed,All Irish School,CATHOLIC,AN FORAS,,325231.125,223617.313
2874,Dublin City,MOTHER OF DIVINE GRACE,HOLY FAITH NS  FERNDALE AVE  BALLYGALL  DUBLIN 11,20059V,01 8344000,312,Mixed,Ordinary School,CATHOLIC,DUBLIN,,313995.000,238693.000
2875,Dun Laoghaire - Rathdown,MONKSTOWN EDUCATE TOGETHER NS,MONKSTOWN GROVE  BLACKROCK  CO DUBLIN,20060G,01 2303696,227,Mixed,Ordinary School,MULTI DENOMINATIONAL,,,323094.438,227888.625
2879,Dublin City,OUR LADY OF CONSOLATION NS,COLLINS AVE EAST  DONNYCARNEY  DUBLIN 5,20064O,01 8310721,194,Senior Girls/Infant Mixed,Ordinary School,CATHOLIC,,,318725.045,237477.960
2881,Dublin Belgard/South,LUCAN EDUCATE TOGETHER NS,BEWLEY WAY  WILLSBROOK  LUCAN  CO. DUBLIN,20066S,01 6281298,443,Mixed,Ordinary School,MULTI DENOMINATIONAL,,,304901.000,234572.000
2900,Dublin City,ST PETERS NS,PHIBSBORO  DUBLIN 7,20091R,01 8680501,366,Mixed,Ordinary School,CATHOLIC,DUBLIN,,314786.421,235975.649
2902,Dublin Fingal,GAELSCOIL BRIAN BOROIMHE,COILL NA NILL SWORDS CO DUBLIN,20095C,01 8902799,199,Mixed,All Irish School,CATHOLIC,AN FORAS,,316500.000,248125.000
2904,Dublin Fingal,CASTLEKNOCK EDUCATE TOGETHER NS,BEECHPARK AVENUE  CASTLEKNOCK  DUBLIN 15,20098I,01 8219331,381,Mixed,Ordinary School,MULTI DENOMINATIONAL,,,309037.313,237828.281
2907,Dublin City,JOHN SCOTTUS NS,NORTHUMBERLAND ROAD  DUBLIN 4,20103V,01 6609309,293,Mixed,Ordinary School,MULTI DENOMINATIONAL,,,317277.465,231985.806
2908,Dublin City,ST AUDOENS NS,COOK STREET  DUBLIN 8,20104A,01 6779856,147,Mixed,Ordinary School,CATHOLIC,DUBLIN,,314978.851,234038.160
2923,Dublin Fingal,ST PATRICKS NS,C/O ST MOCHTAS NS  PORTERSTOWN ROAD  CLONSILLA  DUBLIN 15,20130B,01 8249930,523,Mixed,Ordinary School,CATHOLIC,,,306170.639,238085.107
2924,Dublin City,EDUCATE TOGETHER NS,C/O ST JOSEPHS SCHOOL FOR THE DEAF  NAVAN ROAD  CABRA  DUBLIN 7,20131D,01 8690002,218,Mixed,Ordinary School,MULTI DENOMINATIONAL,,,313066.731,236162.023
2927,Dublin Fingal,MARY  MOTHER OF HOPE NS,LITTLEPACE  CASTAHEANY  DUBLIN 15,20137P,01 8128693,581,Mixed,Ordinary School,CATHOLIC,,,304827.000,240425.000
2928,Dublin City,INCHICORE NS,SARSFIELD ROAD  INCHICORE  DUBLIN 10,20139T,01 4536505,209,Mixed,Ordinary School,CATHOLIC,DUBLIN,,311941.235,233640.530
2930,Dun Laoghaire - Rathdown,THE HAROLD SCHOOL,EDEN ROAD  GLASTHULE  CO DUBLIN,20141G,01 2805708,496,Mixed,Ordinary School,CATHOLIC,DUBLIN,,325054.844,227805.984
2934,Dublin Fingal,SWORDS EDUCATE TOGETHER NS,APPLEWOOD  SWORDS  CO DUBLIN,20145O,01 8903899,273,Mixed,Ordinary School,MULTI DENOMINATIONAL,,,317709.438,248500.313
2941,Dublin City,NORTH DUBLIN MUSLIM NS PROJECT,C/O ST JOSEPHS SCHOOL FOR THE DEAF  NAVAN ROAD  DUBLIN 7,20152L,01 8689587,160,Mixed,Ordinary School,MUSLIM,,,313066.731,236162.023
2948,Dublin Belgard/South,GRIFFEEN VALLEY EDUCATE TOGETHER NS,GRIFFEEN GLEN BOULEVARD  LUCAN  CO. DUBLIN.,20166W,087 7518210,326,Mixed,Ordinary School,MULTI DENOMINATIONAL,,,304915.750,234637.766
2949,Dublin City,GLASNEVIN EDUCATE TOGETHER NS,CHURCH AVENUE  GLASNEVIN  DUBLIN 9,20168D,01 8844563,157,Mixed,Ordinary School,MULTI DENOMINATIONAL,,,316564.413,236854.312
2954,Dublin Belgard/South,ST ANNES PRIMARY SCHOOL,FETTERCAIRN  TALLAGHT  DUBLIN 24,20173T,01 4515850,351,Mixed,Ordinary School,CATHOLIC,DUBLIN,,307280.000,227884.000
2956,Dublin Fingal,RUSH AND LUSK EDUCATE TOGETHER NS,HANNAS AVENUE  BLAKES CROSS CORDUFF  LUSK  CO DUBLIN,20176C,087 9971244,99,Mixed,Ordinary School,MULTI DENOMINATIONAL,,,320401.000,252336.000
2965,Dublin City,CENTRAL SENIOR MXD N S,MARLBORO ST  DUBLIN 1,00752A,01 8788103,171,Mixed,Ordinary School,CATHOLIC,DUBLIN,PRO-CATHEDRAL,316006.000,234775.000
2990,Dublin City,ST VINCENT DE PAULS GIRLS SCHOOL,GRIFFITH AVENUE  DUBLIN 9,16753P,01 8334697,301,Girls,Ordinary School,CATHOLIC,DUBLIN,MARINO,316325.000,237640.000
2995,Dublin Belgard/South,S N NAOMH CILLIN,ROBINHOOD RD. BLUEBELL  INCHICORE  DUBLIN 12,16983J,01 4500440,28,Mixed,Ordinary School,CATHOLIC,DUBLIN,BLUEBELL,311190.000,230900.000
2996,Dublin City,CHRIST THE KING G N S,CABRA  DUBLIN 7,16989V,01 8680115,96,Girls,Ordinary School,CATHOLIC,DUBLIN,CABRA,314179.000,236184.000
3025,Dublin City,SN LOUISE DE MARILLAC C,DRUMFIN RD  BALLYFERMOT  DUBLIN 10,18341C,01 6265081,214,Girls,Ordinary School,CATHOLIC,DUBLIN,BALLYFERMOT UPPER,309295.000,234335.000
3026,Dublin City,SN LOUISE DE MARILLAC,BALLYFERMOT  DUBLIN 10,18342E,01 6234153,233,Mixed,Ordinary School,CATHOLIC,DUBLIN,BALLYFERMOT UPPER,309295.000,234335.000
3035,Dublin City,SN BANRION NA NAINGEAL1,BALLYFERMOT  DUBLIN 10,18585H,01 6265207,164,Boys,Ordinary School,CATHOLIC,DUBLIN,BALLYFERMOT UPPER,309297.000,234082.000
3039,Dublin Fingal,BRACKEN EDUCATE TOGETHER,C/O SUNSHINE HOUSE BALBRIGGAN CO DUBLIN,20282B,,0,Mixed,,MULTI DENOMINATIONAL,,,318748.000,263997.000
3040,Dublin Fingal,ST BENEDICTS AND ST MARYS NATIONAL SCHOOL,GRANGE PARK RAHENY DUBLIN 5,20281W,,0,Mixed,Ordinary School,CATHOLIC,DUBLIN,GRANGE PARK,323660.000,240242.000
3042,Dublin Fingal,GAELSCOIL BHAILE BRIGIN,SUNSHINE HOUSE  BHAILE BRIGIN  CONTAE ATHA CLIATH,20252P,01 8832746,34,Mixed,All Irish School,INTER DENOMINATIONAL,AN FORAS,,320485.000,263626.000
3044,Dublin Belgard/South,ESKER EDUCATE TOGETHER NS,ADAMSTOWN CASTLE ADAMSTOWN CO DUBLIN,20274C,,0,Mixed,Gaeltacht School,MULTI DENOMINATIONAL,,,302871.000,232358.000
3046,Dublin Fingal,SCOIL THOMAIS,LAUREL LODGE  CASTLEKNOCK  DUBLIN 15,19769W,01 8201022,678,Mixed,Ordinary School,CATHOLIC,DUBLIN,LAUREL LODGE-CARPENTERSTOWN PK,307984.000,237610.000
3047,Dublin Fingal,LADYSWELL N S,LADYSWELL  MULHUDDART  DUBLIN 15,19850F,01 8204255,492,Mixed,Ordinary School,CATHOLIC,DUBLIN,BLANCHARDSTOWN,306427.000,240874.000
3049,Dublin City,NORTH BAY EDUCATE TOGETHER NS,GREENDALE AVENUE  KILBARRACK  DUBLIN 5,19954R,01 8325536,235,Mixed,Ordinary School,MULTI DENOMINATIONAL,,,323089.000,238760.000
3055,Dublin City,ST LAURENCE O TOOLES GIRLS SCHOOL,49 SEVILLE PLACE  NORTH WALL  DUBLIN 1,20228S,01 8366494,121,Girls,Ordinary School,CATHOLIC,DUBLIN,SEVILLE PLACE,317073.000,234891.000
3057,Dun Laoghaire - Rathdown,ARCHBISHOP MCQUAID NATIONAL SCHOOL,LOUGHLINSTOWN  DUN LAOGHAIRE  CO DUBLIN.,20218P,01 2821220,132,Mixed,Ordinary School,CATHOLIC,DUBLIN,LOUGHLINSTOWN,324846.000,223641.000
3059,Dublin Belgard/South,GAELSCOIL EISCIR RIADA,B-THAR AN GHRIFFIN  LEAMHCAN  CO ATHA CLIATH,20223I,01 6264531,65,Mixed,All Irish School,CATHOLIC,AN FORAS,,302760.000,232352.000
3061,Dublin Fingal,ST BENEDICTS NATIONAL SCHOOL,C/O MARY MOTHER OF HOPE NS  LITTLEPACE  DUBLIN 15,20231H,,58,Mixed,Ordinary School,CATHOLIC,,,303889.000,239473.000
3067,Dublin Fingal,BALBRIGGAN EDUCATE TOGETHER NS,HAMLET LANE  MOYLARAGH  CO DUBLIN,20202A,086 0691895,158,Mixed,Ordinary School,MULTI DENOMINATIONAL,,,318748.000,263997.000
3070,Dublin City,ST ULTANS NS,CHERRY ORCHARD  DUBLIN 10,20092T,,56,Mixed,Ordinary School,CATHOLIC,DUBLIN,,308024.000,233077.000
3072,Dublin City,BAINRION NA N-AINGAL 2,BALLYFERMOT UPPER  DUBLIN 10,18843D,01 6235067,140,Boys,Ordinary School,CATHOLIC,DUBLIN,BALLYFERMOT UPPER,309510.000,233798.000
3073,Dublin City,BANTIARNA NA MBUANNA B,BAILE MUNNA  DUBLIN 9,18910P,01 8375255,179,Boys,Ordinary School,CATHOLIC,DUBLIN,BALLYMUN,315365.000,239837.000
3074,Dublin City,BANTIARNA NA MBUANNA G,BAILE MUNNA  DUBLIN 9,18911R,01 8379833,186,Girls,Ordinary School,CATHOLIC,DUBLIN,BALLYMUN,315365.000,239837.000
3075,Dublin City,SN AN SPIORAID NAIOMH C,SILLOGUE RD  BALLYMUN  DUBLIN 11,19209H,01 8420207,346,Girls,Ordinary School,CATHOLIC,DUBLIN,SILLOGE,315352.000,239980.000
3082,Dublin Belgard/South,ST THOMAS JUNIOR NATIONAL SCHOOL,ESKER  LUCAN  CO DUBLIN,19542R,01 6282691,460,Mixed,Ordinary School,CATHOLIC,DUBLIN,ESKER-DODDSBORO,303339.000,234255.000
3083,Dublin Belgard/South,SCOIL N AN CROI RO NAOFA,KILLINARDEN  TALLAGHT  DUBLIN 24,19543T,01 4524811,254,Mixed,Ordinary School,CATHOLIC,DUBLIN,KILLINARDEN,307211.000,226557.000
3084,Dublin Belgard/South,AN CHROI RO NAOFA SOIS,KILLINARDEN  TALLAGHT  DUBLIN 24,19652B,01 4524064,292,Mixed,Ordinary School,CATHOLIC,DUBLIN,KILLINARDEN,307211.000,226557.000
3086,Dublin City,ST MALACHYS NS,RIVERMOUNT  FINGLAS  DUBLIN 11,19619D,01 8345875,156,Mixed,Ordinary School,CATHOLIC,DUBLIN,RIVERMOUNT,313184.000,238234.000
3088,Dun Laoghaire - Rathdown,ST ATTRACTAS SENIOR N S,MEADOWBROOK  DUNDRUM  DUBLIN 14,19716B,01 2951627,353,Mixed,Ordinary School,CATHOLIC,DUBLIN,MEADOWBROOK,316937.000,227968.000
3089,Dublin Fingal,HOLY FAMILY JUNIOR N S,FOREST FIELDS  SWORDS  CO DUBLIN,19721R,01 8404394,509,Mixed,Ordinary School,CATHOLIC,DUBLIN,RIVER VALLEY,317201.000,246040.000
3090,Dublin City,SCOIL CHAOIMHIN,SRAID MHAOILBHRIDE  BAILE ATHA CLIATH 1,19831B,01 8788594,63,Mixed,All Irish School,CATHOLIC,DUBLIN,PRO-CATHEDRAL,316006.000,234775.000
3091,Dublin Fingal,HOLY FAMILY SENIOR N S,FOREST FIELDS  RIVER VALLEY  SWORDS  CO DUBLIN,19877C,01 8406334,515,Mixed,Ordinary School,CATHOLIC,DUBLIN,RIVER VALLEY,317201.000,246040.000
3094,Dublin Belgard/South,GAELSCOIL NA CAMOIGE,ARAS CHRONAIN  BOTHAR AN ULLOIRD  CLUAIN DOLCAIN  BAILE ATHA CLIATH 22,19991A,01 4576878,218,Mixed,All Irish School,CATHOLIC,DUBLIN,CLONDALKIN,307380.000,231736.000
3097,Dublin City,GAELSCOIL CHOLMCILLE,ST KEVINS BOYS CLUB  BR CRESTFIELD CNOC NA FUISEOIGE  FIONNBHRU B.A.C.9,20052H,01 8571541,226,Mixed,All Irish School,CATHOLIC,AN FORAS,,316466.000,238946.000
3103,Dublin Fingal,DONABATE/PORTRANE EDUCATE TOGETHER,BALLISK COMMON  OFF PORTRANE ROAD  DONABATE  CO DUBLIN,20161M,01 8434573,275,Mixed,Ordinary School,MULTI DENOMINATIONAL,,,323070.000,250433.000
3108,Dublin Belgard/South,ADAMSTOWN CASTLE EDUCATE TOGETHER,ADAMSTOWN CASTLE ADAMSTOWN CO DUBLIN,20268H,,0,Mixed,Gaeltacht School,MULTI DENOMINATIONAL,,,302951.000,232350.000
3113,Dublin Belgard/South,ARCHBISHOP RYAN SENIOR N S,BALGADDY  LUCAN  CO DUBLIN,20187H,01 4670689,454,Mixed,Ordinary School,CATHOLIC,DUBLIN,LUCAN,305563.000,233425.000
3114,Dublin Belgard/South,ST JOHN THE EVANGELIST NATIONAL SCHOOL,ADAMSTOWN  CO DUBLIN,20194E,,0,Mixed,Gaeltacht School,CATHOLIC,DUBLIN,,302951.000,232350.000
3115,Dublin City,GAELSCOIL UI EARCAIN,C/O W.F.T.R.A. HALL  BOTHAR MAELIOSA  FIONNGHLAS  B.A.C. 11,20220C,01 8643544,37,Mixed,All Irish School,CATHOLIC,DUBLIN,FINGLAS,312404.000,239107.000
3116,Dublin Fingal,CASTAHEANY EDUCATE TOGETHER NS,PREFABS IN GROUNDS OF  MARY MOTHER OF HOPE SCHOOL  LITTLEPACE  DUBLIN 15,20186F,01 6217881,244,Mixed,Ordinary School,MULTI DENOMINATIONAL,,,304786.000,240790.000
3117,Dublin Fingal,TYRRELSTOWN EDUCATE TOGETHER,POWERSTOWN ROAD  TYRRELSTOWN  DUBLIN 15,20201V,,212,Mixed,Ordinary School,MULTI DENOMINATIONAL,,,306713.000,241936.000
3156,Dublin Belgard/South,GAELSCOIL CHLUAIN DOLCAIN,BOTHAR NANGOR  CLUAIN DOLCAIN  BAILE ATHA CLIATH 22,19855P,01 4574970,288,Mixed,All Irish School,CATHOLIC,DUBLIN,SRULEEN,305632.000,231261.000
